id_venta,id_cliente,id_articulo,id_tienda,fecha_operacion,cantidad,cantidad_articulos,precio_unitario,descuento_pct,canal,metodo_pago,calificacion,monto_compra,observacion
1,68,2,1,2026-04-19,7,7,65.77,5,WhatsApp,Efectivo,4,116.01,Revisar
2,75,6,7,2026-04-28,3,13,19.54,0,WhatsApp,Yape,1,"44,94",Cliente frecuente
3,51,3,6,2026-03-05,6,19,13.06,12,Presencial,Transferencia,4,48.11,
4,61,4,4,2026-06-25,4,9,186.75,0,WHATSAPP,Tarjeta,4 aprox,203.99,Promocion
5,60,7,1,2026-05-08,6,5,43.57,10,TeLeFoNo,Tarjeta,2,59.43,Promocion
6,84,7,5,2026-06-22,8,10,43.57,0,Telefono,Efectivo,3,84.04,Cliente frecuente
7,51,3,6,2026-03-05,6,19,13.06,12,Presencial,Transferencia,4,48.11,
8,27,9,4,2026-03-13,2,5,4.28,20,Telefono,Efectivo,4,"0,5",OK
9,12,3,1,2026-04-09,2,17,13.06,10,App,Efectivo,1,12.8,Revisar
10,83,8,4,2026-03-09,8,5 aprox,10.08,8,App,Transferencia,1,51.97,
11,3,4,3,27-05-2026,4,4,186.75,15,WhatsApp,Efectivo,1,182.48 aprox,
12,12,1,7,2026/05/01,8,20,32.03,15,App,TRANSFERENCIA,5,63.75,
13,50,7,7,2026-02-02,8,3,43.57,0,TeLeFoNo,Yape,5,84.63,
14,43,4,1,2026-04-19,8,4,186.75,8,App,EFECTIVO,3,189.85,Promocion
15,37,6,7,2026-06-03,1,17,19.54,0,PRESENCIAL,Transferencia,1,42.93,Revisar
16,58,8,5, 2026-06-14 ,3,7,10.08,12,Presencial,Efectivo,5,43.0,Promocion
17,73,9,6,2026-04-15,6,2,4.28,,,Efectivo,4, 38.46 ,OK
18,79,5,1,2026-02-25,1,11,8.4,15,WeB,Plin,2,26.17,
19,72,5,7,2026-03-18,6,11,8.4,8,Presencial,Yape,5,"58,32",Promocion
20,71,5,7,2026-01-01,2, 16 ,8.4,5,App,Efectivo, 2 ,16.2,
21,63,8,5,2026-02-05,8,15,10.08,0,Telefono,Transferencia,1,66.55,Promocion
22,18,6,5,2026-04-06,2,19,19.54,5,  App ,Plin,3 aprox,,Revisar
23,77,1,2,2026-01-03,7 aprox,17 aprox,32.03,8,App,efectivo,2,79.29,CLIENTE FRECUENTE
24,8,7,2,2026-01-10,2,16,43.57,8,Web,Transferencia,5,41.02,
25,61,5,1,2026/06/12,4,4,8.4,0,WhatsApp,Transferencia,,10.93,
26,21,9,1,2026-01-23,7,3,S/ 4.28,15,WhatsApp,Efectivo,1,39.22,Revisar
27,54,6,7,2026-03-20,7,9,19.54,12,Presencial,,3,39.49,
28,9,8,1, 2026-06-22 ,6,13,10.08,8,  App ,Transferencia,5,36.79,OK
29,44,5,3,2026-06-28,7,9,8.4,0,Telefono,Transferencia,5,33.01,Cliente frecuente
30,31,4,7,2026-03-27,1,11,186.75,12,Telefono,EFECTIVO, 4 ,199.44,Cliente frecuente
31,72,2,3,2026-02-01,2,16,S/ 65.77,0,Web,,5,68.36,
32,81,5,4,2026-03-16,8,15 aprox,8.4,0,Telefono,Plin,3,67.49,
33,50,8,6,2026-04-10,8,16,"10,08",10,Web,Efectivo,4,25.08,
34,44,5,3,2026-06-28,7,9,8.4,0,Telefono,Transferencia,5,33.01,Cliente frecuente
35,22,7,1,2026-04-28, 5 ,2,43.57,12,App,Efectivo,3,37.26,OK
36,80,2,2,15/04/2026,,2,"65,77",5,Presencial,Transferencia,4,67.47,
37,61,5,7,2026-06-20,6,3 aprox,8.4,0,App,Yape,2,36.9,  OK 
38,72,6,1,2026-06-06,6,4,19.54, 10 ,Telefono,Transferencia,3,58.87,
39,13,1,3,10/01/2026,8,,32.03,20,Web,Transferencia,3,40.21,
40,81,8,1,2026-03-17,2,13,10.08,15,Telefono,Efectivo,3,26.14,Promocion
41,71,5,3,2026-05-14,3,11,8.4,12,WhatsApp,Transferencia,1,28.82,Promocion
42,81,8,1,24-05-2026,7,14,10.08,0,Web,Efectivo,5,53.95,
43,76,3,3,2026-05-07,8,14,13.06,15,Web,Yape,5 aprox,56.33,REVISAR
44,26,5,1,2026-01-11,2,18,8.4,0,Web,Efectivo,2,41.91,
45,31,4,7,2026-03-02,3,8, 186.75 ,20,PrEsEnCiAl,Efectivo,5,185.34,
46,43,4,7, 2026-03-20 , 6 ,3,186.75,0,Presencial,Efectivo,4,214.24,Cliente frecuente
47,83,8,1,2026-04-28,6,2,10.08,5,Presencial,Tarjeta,3,28.04,Promocion
48,40,1,2,2026-04-05,6,1,32.03,0,Presencial,YAPE,5,44.61,OK
49,82,5,7,2026-05-11,8,20,8.4,20,Telefono,Yape,3,53.51,
50,80,9,3,2026-02-28,7,3,4.28,10,Web,Efectivo,5 aprox,43.15,Revisar
51,53,6,5,2026-02-10,2,18,19.54,10,Web,Transferencia,5,41.09,Promocion
52,84,7,5,2026-06-22,8,10,43.57,0,Telefono,Efectivo,3,84.04,Cliente frecuente
53,57,4,4,2026-05-07,1,9,186.75,8,App,Yape,4,176.97,OK
54,53,4,3,2026-01-25,5,15,186.75,0,Presencial,Tarjeta,3,195.52,Revisar
55,83,8,1,2026-04-28,6,2,10.08,5,Presencial,Tarjeta,3,28.04,Promocion
56,22,5,5,2026-03-24,6,14,8.4,8,WhAtSaPp,Transferencia,2,15.36,Cliente frecuente
57,38,6,1,2026-04-20,3,7,19.54,20,Presencial,Transferencia,3,S/ 64.93,Revisar
58,57,2,7,2026-05-12,7,7,65.77,5,Presencial,  Tarjeta ,2,89.26,Revisar
59,46,4,5,2026-06-03,1,17,186.75,0,App,Yape,1,206.34,Revisar
60,8,9,4,2026-03-01,7,7 aprox,"4,28",,Web,Yape,5,,Revisar
61,39,3,4,2026-02-23, 1 ,20 aprox,13.06,12,TeLeFoNo,transferencia,1,,
62,33,7,7,2026-03-14,6,3,43.57,0,Telefono,Transferencia,,60.75,Promocion
63,61,2,1,2026-01-09,4,7,65.77,0,WhatsApp,  Tarjeta ,, 83.77 ,
64,29,7,7,2026-06-28,7, 19 ,43.57,12,App,Tarjeta,5,55.91,
65,25,4,4,2026-03-09,5,5,,5,Web,Plin,4,214.44,
66,19,2,4,15/01/2026,8,7,65.77,12,app,Transferencia,5,104.57,OK
67,9,2,6,2026-06-06,4,16,65.77,0,WhatsApp,Efectivo,3,76.97,Cliente frecuente
68,47,6,6,2026-02-26,2,16,S/ 19.54,15,WhatsApp,Yape,5,50.22,
69,29,1,5,2026-04-07,1,12,32.03,20,Presencial,Yape,4,32.16,Revisar
70,50,8,2,2026-05-28,4,13,10.08,,WhatsApp,Efectivo,5,23.41,OK
71,73,8,4,2026-05-22,2,11,10.08,8,Presencial,Yape,1,17.82,Cliente frecuente
72,84,5,7,2026-03-27,,3,8.4,5,Web,Transferencia,4,27.92,Promocion
73,45,5,5,2026-02-01,4,17, 8.4 ,0,Presencial,Plin,2,47.6,
74,30,1,3,2026-01-19,3,9,32.03,0,App,YAPE, 5 ,58.28,Revisar
75,30,5,7,2026-04-13,8,6,8.4,12,Web,Transferencia,,25.26,OK
76,61,7,3,2026-01-02,4,6,43.57,8,App,Efectivo,2,83.42,
77,15,2,2,2026-05-11,3 aprox,8,65.77,12,PRESENCIAL,Efectivo,3,72.08,
78,1,5,5,2026-02-20,4 aprox,9,8.4 aprox,5,PrEsEnCiAl,Yape,4,"20,18",PROMOCION
79,46,7,1,2026-01-15, 7 ,19,43.57,0,Presencial,Tarjeta,2,,
80,2,1,7,2026-02-21,2,14,32.03,0,App,Transferencia,5,50.32,OK
81,57,9,6,2026-05-17,8,5,4.28,10,Telefono,Transferencia,1,23.7 aprox,OK
82,40,3,2,2026-06-23,4,3,13.06,0,web,Efectivo,3,17.41,
83,44,3,3,2026-02-03,8,9,,10,Presencial,Yape,2,41.47,Revisar
84,13,8,7,2026-06-12,6,8,10.08 aprox,12,  Telefono ,Tarjeta,4,33.91,Revisar
85,66,1,4,2026-05-14,6,19,32.03,12,PrEsEnCiAl,Transferencia,3,68.76,Cliente frecuente
86,80,2,4,2026-02-01,4,10,65.77,15,  Presencial ,Efectivo,2,90.18,Promocion
87,62,5,5,2026-02-27,8,16,8.4,0,App,Efectivo,5,S/ 176.8,
88,11,6,5,2026-06-06,8,19,S/ 19.54,0,Web,Tarjeta,5,30.66,OK
89,51,2,7,2026-05-16,8,5,65.77 aprox,20 aprox,  App ,Plin,2,80.74,
90,80,3,3,2026-03-21,1,17,13.06,10,Web,Efectivo,3,33.45,Revisar
91,58,3,2,2026-04-07,4,11,13.06,5,WhatsApp,Yape,,54.74,Cliente frecuente
92,44,9,6,2026-03-07,6,,4.28,12,Web,Yape,4,41.02,Promocion
93,8,4,5,2026-04-20,8,17,186.75 aprox,8,Web,Efectivo,2,206.72,
94,39,7,5,2026-04-22,1,13,43.57,0,Presencial,PlIn,4,67.6,Cliente frecuente
95,3,3,1,2026-02-15,8,1,13.06,8,Presencial,YaPe,2,59.01,Revisar
96,40,8,2,2026-03-16,7,9,10.08,0,  WhatsApp ,Tarjeta,3,45.9,Promocion
97,17,4,5,2026-02-09,2,10,186.75,8,App,TARJETA,2,190.16,Promocion
98,61,6,2,2026-04-14,3,,19.54,0,ApP,Yape,3,30.97,Cliente frecuente
99,62,7,7,2026-03-06,1,1,43.57,5,App,yape,4,38.48,Cliente frecuente
100,21,8,2,2026-02-08,1, 17 ,10.08,0,Web,Transferencia,1,21.58,
101,9,5,3,2026-05-17,6,4,8.4,12,Telefono,Tarjeta,2,18.88,OK
102,63,1,5,2026-05-24,4, 16 ,32.03,0,PRESENCIAL,EfEcTiVo,4,30.14 aprox,Promocion
103,8,9,5,2026-01-02,2,2,4.28,8,WhatsApp,Efectivo,3,31.95,Cliente frecuente
104,5,8,4,2026-05-09,,4,10.08,8,  WhatsApp ,,3,37.27,
105,69,4,4,2026-05-24,5,19,S/ 186.75,10,App,,3,190.81,Revisar
106,18,2,1,2026-02-15,3,5,65.77,0,Telefono,Efectivo,1,81.44,
107,58,8,6,2026-06-14, 5 ,11,10.08,0,WhatsApp,Transferencia,1,47.79,Cliente frecuente
108,51,1,7,2026-01-14,,5,32.03,8,App,Plin,3,36.62,Cliente frecuente
109,80,1,5,2026-04-08,4,18 aprox,32.03,0,Presencial,Transferencia,2,138.75,
110,30,3,5,27/03/2026,4,6,13.06,8,WhatsApp,Transferencia,1,31.36,
111,29,5,5,2026-04-02,2,56.44,8.4,,Telefono,Yape,2,62.07,Revisar
112,67,7,1,2026-06-24,1,4,43.57,5,App,Tarjeta,5,49.9,
113,34,7,4,2026-04-07, 7 ,7,43.57,20,,Efectivo,5,74.91,PROMOCION
114,58,3,4,2026-05-04,8,5,13.06,10,Presencial,Plin,1,40.22,Cliente frecuente
115,47,6,6,2026-02-26,2,16,S/ 19.54,15,WhatsApp,Yape,5,50.22,
116,30,7,6,2026-05-11,5,2,43.57,15,WhatsApp,yape,3,74.99,
117,79,6,1,2026-01-12,7,,19.54,8,Presencial,Tarjeta,2,74.33,OK
118,12,5,1,2026-03-18,1,14,8.4,15,Presencial,Efectivo,1,34.96,
119,41,7,1,2026-02-08,8,4, 43.57 ,5,APP,Efectivo,2,70.02,OK
120,69,3,1,2026-05-23,4,9,13.06,0,presencial,,1,30.13,
121,29,3,6,2026-06-28, 7 ,1,13.06,12,Telefono,yape,4,23.95,
122,67,2,4,,3,10,65.77,0,Telefono,Transferencia,3,108.16,OK
123,83,4,6,2026-04-28,3,,186.75,8,Web,Plin,2,193.85,
124,12,3,6,2026-02-28,8,14,13.06,0,WhatsApp,Transferencia, 2 ,57.85,Revisar
125,77,9,5,2026-06-26,1,3,,8,  Telefono ,Yape,4,0.5,Cliente  frecuente
126,49,4,4,2026-05-22, 2 ,9,186.75 aprox,,Telefono,Efectivo,1,180.94,OK
127,72,9,3,2026-05-27,3,6 aprox,4.28,10,Presencial,,3,18.31,
128,70,2,4,2026-04-19,7,,65.77,8,Presencial,Efectivo,5,102.37,Revisar
129,65,2,4,2026-03-10,2,10,65.77,20 aprox,Web,YAPE,5,39.93,Cliente frecuente
130,26,2,2,2026-06-22,4,3,65.77, 5 ,WhatsApp,Transferencia,4,85.36,Promocion
131,58,3,2,2026-04-07,4,11,13.06,5,WhatsApp,Yape,,54.74,Cliente frecuente
132,10,8,1,2026-02-21,7,4,10.08,15,WhatsApp,Tarjeta,1,32.72,Promocion
133,7,8,6,2026-06-23,2,,10.08,0,WeB,Efectivo,1,11.1,Promocion
134,76,8,3,2026-02-19,3,11,10.08,0,Presencial,Efectivo,3,34.15,
135,19,7,6,2026-06-08,7, 8 ,43.57 aprox,5,TeLeFoNo,Transferencia,3,110.29,Promocion
136,15,2,3,2026-04-03,5,5,65.77,0,Presencial,Yape,2,90.04 aprox,OK
137,26,4,4,,5 aprox,13,186.75,0,Presencial,TRANSFERENCIA,1,162.96,Revisar
138,46,9,6,2026-01-21,1,14,4.28,0,WhatsApp,Efectivo,5,53.12,OK
139,74,8,5,,1,5,10.08,10,WhatsApp,Plin,1,29.97,
140,77,4,2,2026-03-10,5,18,186.75,0,App,Yape,,218.92,OK
141,28,2,1,2026-04-26,6,19,65.77 aprox,5,Web,Yape,5,111.8,Ok
142,40,5,3,2026-03-13,5,16,8.4,12,Web,Yape,1,21.43,Promocion
143,73,3,5,2026-06-07,2,19,13.06,12,WhatsApp,Plin,2, 38.05 ,revisar
144,12,4,4, 2026-01-08 ,1,3,186.75,8,Presencial,tarjeta,3,179.79,
145,2,4,5,2026-01-24,6,15,186.75,,Telefono,Yape,1,185.79,OK
146,3,3,5,2026-06-23,4,1,"13,06",0,App,Tarjeta,1,22.33,Cliente frecuente
147,36,6,1,2026-02-15,7,17,19.54,12 aprox,TELEFONO,Efectivo,1,49.52,Promocion
148,1,9,7,2026-02-02,5,8,4.28,0 aprox,Telefono,Tarjeta,4,49.55 aprox,Cliente frecuente
149,80,9,4,2026-06-14,5,6,4.28,0,  WhatsApp ,Yape,5,48.49,OK
150,71,7,4,2026-01-14,4,12,43.57,8,WhatsApp,Yape,3,96.53,PROMOCION
151,35,9,6,2026/05/17,8,9,4.28,20,Web,Efectivo,3,52.71,OK
152,17,9,1,2026-01-28,2,11,"4,28",5,Web,Plin,4,37.84,Revisar
153,76,4,7,2026-04-25,1,2,186.75,10,Web,EFECTIVO,5,186.51,promocion
154,74,5,4,2026-01-11,3,12 aprox,8.4,5,WhatsApp,Transferencia,2,44.06,
155,20,6,4, 2026-04-25 ,6,11,19.54,15,WHATSAPP,Efectivo,4,15.05,Promocion
156,12,4,7,2026-04-28, 2 ,1, 186.75 ,0,WhatsApp,Tarjeta,3,202.12,Revisar
157,55,4,7,2026-03-21,5,11,186.75,12 aprox,WhatsApp,Yape,1,168.84,
158,48,3,6,2026-05-27,4,18,13.06,0,Presencial,Transferencia,5,35.47,Cliente frecuente
159,25,6,7,2026-04-19,1,27.71,19.54,0,  App ,Plin,5,53.16,Revisar
160,51,1,7,2026-05-09,4,19,32.03,20,Web,Efectivo,2,60.97,OK
161,25,9,1,24-05-2026,1,20,4.28,10,WhatsApp,Transferencia,3,2.63,OK
162,55,1,6,2026-06-28,1,3,32.03,0,Telefono,,2,9.49,Cliente frecuente
163,52,9,6,2026-04-24,7,9,4.28, 0 ,Presencial,Efectivo,3,27.39,
164,64,7,5,2026-05-26,4,7,43.57,0,App,Transferencia,3,54.16,
165,60,7,1,2026-03-04,6,12,43.57,0,,Plin,4,38.41,Cliente frecuente
166,44,9,4,2026-02-04,5,9,4.28,20,Web,TaRjEtA,1,18.48,Revisar
167,65,6,5,2026-01-19,7,7,19.54,8,App,Efectivo,2,54.51,Revisar
168,64,6,5,2026-03-04,1, 8 ,19.54,20,Web,Tarjeta,5,39.63,
169,79,1,6,,4,7,32.03,12,Web,Yape,2,55.79,Cliente frecuente
170,12,4,4,2026-02-20,8,11,"186,75",10,App,Yape,5,199.53,Revisar
171,17,6,4,2026/01/20,8,19,19.54,8,App,Efectivo, 1 ,59.18,Cliente frecuente
172,6,9,6,2026-06-24,3,6,4.28,12,App,Plin,3,37.01,cliente frecuente
173,2,9,7,2026-01-04,5,15,4.28,0 aprox,Telefono,Plin,2,"23,36",Revisar
174,4,8,6,2026-05-23,2,10,10.08,10,Presencial,Efectivo,2,50.17 aprox,
175,83,7,5,2026-01-04,1, 14 ,43.57,12,App,,5,43.2,
176,30,8,7,2026-03-05,8,1,10.08 aprox,5,App,Yape,5,23.68,Promocion
177,81,6,5,2026-04-12,3,20,19.54,0,Web,Efectivo,3, 39.91 ,
178,73,9,1,2026-02-16,8,1,4.28,12,WhatsApp,Plin,2,54.98,Cliente frecuente
179,4,4,4,2026-05-15,1,4,186.75,0,Presencial,Plin,5,167.36,OK
180,56,1,3,2026-01-14,7,45.53,32.03,12,App,Efectivo,1,109.61,Promocion
181,81,3,2,2026-06-06,5 aprox,8,13.06,12,WhatsApp,Yape,5,14.23,Promocion
182,34,8,7,2026-02-11, 4 ,16,10.08,0,Telefono,Tarjeta, 3 , 29.59 ,OK
183,55,6,5,2026-05-11,5,11,19.54,15,App,Yape,3,32.74,
184,27,7,1,2026-02-18,4,6,43.57,5,App,Yape,1,69.94,Cliente frecuente
185,59,5,3,2026-03-03,2,14,8.4,10,Presencial,Efectivo,3,8.57,Revisar
186,11,9,2,2026-04-07,7,3,4.28,0,Presencial,Plin,5,44.87,Revisar
187,63,7,1,2026-05-24,7,13,43.57,0,WhatsApp,PLIN,4,57.93,
188,1,6,2, 2026-04-27 , 5 ,13,19.54,5,Telefono,Efectivo,5,54.71,REVISAR
189,55,1,1,2026-04-12,7,16,32.03,5,Telefono,Plin,4,64.88,Promocion
190,29,9,4,2026-05-26,4,7,4.28,0,WeB,Plin,3,8.89,
191,80,4,3,13/04/2026,8,9,186.75,15,Presencial,Yape,4,215.49 aprox,Promocion
192,49,7,3,26-01-2026,6,11,43.57,12,telefono,Tarjeta,5,77.31,OK
193,34,3,4,2026-03-01,5,16,13.06,15,Web,,2,37.45,OK
194,28,9,2,2026-01-04,8,14,4.28,0,WhatsApp,TRANSFERENCIA,5,60.39,ReViSaR
195,32,8,1,2026-05-26,2,2,S/ 10.08,8,Telefono,Plin,4,87.96,Revisar
196,17,6,6,2026-02-10,6,12,19.54,0,Telefono,Efectivo,3,55.76,Promocion
197,49,1,6,2026-04-13,2, 6 ,32.03,8,Presencial,Tarjeta,5,28.11,OK
198,48,2,6,2026-02-14,,12,65.77,12,Presencial,TRANSFERENCIA,2,120.99,Revisar
199,4,7,3,2026-05-06,1,14,43.57,0,Presencial,,4,"41,28",OK
200,45,4,6,2026-05-28,7,12,186.75,0,Presencial,Tarjeta,5,208.91,Cliente frecuente
201,72,5,7,2026-06-10,5,11,8.4,12,App,Tarjeta,1,18.98,Cliente frecuente
202,68,4,1,2026-05-26,1,10,186.75,5,Telefono,Yape,5,185.27,
203,45,4,6,2026-05-28,7,12,186.75,0,Presencial,Tarjeta,5,208.91,Cliente frecuente
204,38,7,6,2026-03-20,4,18,43.57,12,Web,Transferencia,1,58.81,Promocion
205,15,1,5,2026-02-24,4,15,32.03,0,Presencial,Efectivo,5,37.46,OK
206,38,5,5,2026-03-02,8, 9 ,8.4,0,  Telefono ,Plin,3,28.75,Promocion
207,2,2,2,2026-05-22, 3 , 3 ,65.77,10,App,,4,66.05,OK
208,27,9,7,10-05-2026,4,4,4.28,12,Telefono,Plin,1,9.42,Promocion
209,79,8,1,04-03-2026,5,12,10.08,8,telefono,TRANSFERENCIA,1,40.38 aprox,Revisar
210,20,7,6,2026-01-23,6,6,43.57, 0 ,App,plin,4,72.03,Revisar
211,51,8,6,2026-02-20,2,14,10.08,12,WhatsApp,Tarjeta,2,34.17,Promocion
212,16,4,3, 2026-03-05 ,8,9, 186.75 ,0,Presencial,Yape,1,233.18,OK
213,24,4,3,24/05/2026,4,8,186.75,0,Web,Efectivo,4,204.69,Revisar
214,56,6,3,2026-06-27,6,16,, 10 ,Web,Efectivo,2,30.28,Revisar
215,77,9,6,2026-03-09,3,9,4.28,8,WhatsApp,Transferencia,5,37.0,
216,63,8,7,2026-06-09,7,18,S/ 10.08,20,Web,Transferencia, 1 ,37.86,Revisar
217,52,2,1,2026-05-01,8,8,,12,,,3,96.31,Revisar
218,27,9,4,12/03/2026,6,14,4.28,0,App,Efectivo,2,56.83 aprox,Cliente frecuente
219,60,9,1,2026-03-08,6,13,4.28,0,Telefono,Efectivo,1,15.54,Promocion
220,1,8,7,2026-01-05,2,9,10.08,0,WhatsApp,,4,53.36,CLIENTE FRECUENTE
221,27,8,1,,3,17,10.08,20,WhatsApp,Tarjeta,5,37.21,Promocion
222,41,3,4,2026-04-20,4,16,13.06,0,Web,Efectivo,4,37.17,Promocion
223,68,9,4,09-02-2026,6,13,4.28,0,  Telefono ,Efectivo,1,48.84,Revisar
224,4,9,6,2026-05-04,2,19, 4.28 ,12,App,Yape,5,26.21,Revisar
225,19,7,6,2026-06-08,7, 8 ,43.57 aprox,5,TeLeFoNo,Transferencia,3,110.29,Promocion
226,42,2,5,2026-02-05,5,18,65.77,20,Telefono,Tarjeta,4,59.46,Promocion
227,7,3,3,2026-06-13,8, 9 ,13.06,12,  Telefono ,Yape,1,57.67,Cliente frecuente
228,14,1,4,2026-04-12,2,4,32.03,0,Presencial,plin,2,"50,35",Cliente frecuente
229,59,1,5,2026-01-18,8,18,32.03,12,Web,Plin,3,103.11,Revisar
230,72,4,2,2026-04-17,2,10 aprox,186.75,20 aprox,App,Yape,2, 195.66 ,Revisar
231,25,5,6,2026-03-10,1,9,8.4,20,Presencial,Tarjeta,3,0.5,Cliente  frecuente
232,30,2,1,2026-05-25,5,11,65.77,20,Web,TARJETA,5,82.91,Cliente frecuente
233,64,7,6,2026-05-11,7,10,43.57,0,Presencial,Plin,2,59.93,Cliente frecuente
234,80,4,1,2026-03-16,8,,186.75,12,App,Efectivo, 4 ,213.42,OK
235,5,7,2,2026-06-23,2, 13 ,43.57,12,Telefono,Yape,1,69.44,OK
236,77,5,4,2026-05-19,1,2,8.4,0,Web,Transferencia,3,9.62,
237,16,8,4,2026-05-16,4,6,10.08,12 aprox,WhatsApp,Transferencia,3,28.38,Cliente frecuente
238,76,6,7,09/05/2026,4,15,19.54,8,App,Efectivo,3,57.73,Cliente frecuente
239,83,1,5,2026-01-13,6,14,,0,Presencial,Tarjeta,5,55.29 aprox,OK
240,46,2,6,2026-03-15,7,1,65.77,0,WHATSAPP,Efectivo,2,84.84 aprox,
241,67,5,7,2026/05/18,1,20,,12,Telefono,  Efectivo ,1,29.5,OK
242,10,7,2,2026-05-20,7,51.87,43.57,20,WhatsApp,Transferencia,4,71.73,Revisar
243,77,5,4,2026-06-21,6,3,8.4,8,Web,Plin,1,24.13,
244,60,7,5, 2026-05-11 ,8,20,43.57,20,WhatsApp,Efectivo,5,106.36,Revisar
245,54,4,7,27/04/2026,6,16,186.75,15,Presencial,Yape,,195.72,Promocion
246,39,8,2,2026-04-23,4,18,10.08,20,Web,Transferencia,2,18.88,
247,61,2,1,2026-01-09,4,7,65.77,0,WhatsApp,  Tarjeta ,, 83.77 ,
248,6,4,4,2026-05-23,3,12,186.75,0,App,Tarjeta,2,174.5,
249,76,7,2,2026-01-04,4,2,43.57,0,Presencial,Transferencia,3,30.31,Revisar
250,18,1,1,2026-02-02,2,3,32.03,10 aprox,Presencial,,4,37.44,
251,56,7,4,2026-02-01,4,10,43.57,20,Telefono,PlIn,5,46.99,Revisar
252,59,6,3,2026-04-03,8,2,19.54,10,WhatsApp,Tarjeta,1,61.09,  Revisar 
253,39,1,4,2026-04-21,4,4,32.03,15,WEB,Tarjeta,2,S/ 44.39,
254,5,7,1,2026-06-03,6,4,43.57,10,presencial,Efectivo,2,55.77,
255,23,6,7,2026-06-08, 3 ,,19.54,15 aprox,Web,Transferencia,2,35.61,Promocion
256,11,1,3,2026/06/18,4,6,32.03,0,Telefono,Efectivo,3,63.29,
257,68,5,2,2026-02-13, 8 ,6,8.4, 12 ,Telefono,Yape,3,31.29,Cliente frecuente
258,25,5,2,2026-05-03,8,11,S/ 8.4,20,App,Efectivo,5,39.22,Cliente frecuente
259,44,8,2,2026-04-26,4,18,10.08,15,App,Yape,3,40.55,Cliente frecuente
260,17,1,3,2026-05-10,4,,32.03,10,Web,Efectivo,4 aprox,74.8,Revisar
261,15,9,6,2026-06-03,7,12,4.28,10,WhatsApp,Plin,1,66.14,Promocion
262,33,4,2,2026-06-03,1,14,186.75,5,Presencial,Efectivo,4,168.51,Cliente frecuente
263,20,1,6, 2026-05-13 ,6,18,32.03, 10 ,WhatsApp,TARJETA,4, 46.63 ,Revisar
264,39,8,4,2026-05-10,8,8,10.08,20,WhatsApp,Tarjeta,4,0.5,
265,43,6,4,2026-06-16,7,8,19.54,0,App,,2,70.32,OK
266,84,7,5,2026-06-22,8,10,43.57,0,Telefono,Efectivo,3,84.04,Cliente frecuente
267,68,1,2,2026-04-07,8 aprox,5,32.03,0,Telefono,  Plin ,1,62.05,Promocion
268,4,3,7,2026-04-22,5,9,13.06,0,App,Transferencia, 5 ,61.45,Cliente frecuente
269,56,9,7,2026-05-16,7,71.57,4.28,5,presencial,Plin,5,60.89,Promocion
270,30,2,1,2026-05-25,5,11,65.77,20,Web,TARJETA,5,82.91,Cliente frecuente
271,83,8,4,2026-03-09,8,5 aprox,10.08,8,App,Transferencia,1,51.97,
272,66,2,3,2026-02-14,5,15,65.77,0,WhatsApp,Transferencia,4,77.72,OK
273,45,7,1,2026-03-25, 2 ,18,43.57,8,App,Transferencia,1, 45.96 ,Promocion
274,73,2,5,23-03-2026,6,20,65.77,15,Presencial,Yape,3,103.21,Revisar
275,35,6,7,2026-02-19,8,20,19.54,0,App,Transferencia,3,44.97 aprox,Cliente frecuente
276,7,5,5,2026/04/08,8,15,8.4,5,WHATSAPP,Tarjeta,5,65.12,OK
277,41,5,6,2026-01-14,6 aprox,8,8.4,20,PrEsEnCiAl,Yape,2,21.91,Promocion
278,77,4,6,2026-04-20, 1 ,15,186.75,8,Web,Efectivo,1,186.02,Cliente frecuente
279,7,4,6,28-01-2026,7,18,186.75,0,  WhatsApp ,Yape,3,212.14,Revisar
280,50,8,3,2026-01-06,5,18,10.08,12,Web,TRANSFERENCIA,4,24.35,Cliente frecuente
281,24,6,3,11/01/2026,1,10,S/ 19.54,12,telefono,Transferencia,2,25.04,Promocion
282,10,1,6,2026-03-15,4,,32.03,10,Web,Plin,3,41.85 aprox,OK
283,58,2,4,2026-03-03,1,19,,0,WhAtSaPp,Yape,2,95.31,
284,32,3,5,2026-03-13,6,,13.06,0,Telefono,Plin,1,43.64,
285,46,4,4,2026-01-13,5,20,186.75,10,Presencial,Tarjeta,4,220.43,OK
286,57,6,2,2026-04-19,,17,19.54,8,Telefono,Efectivo,1,40.31,Promocion
287,25,6,4,2026-04-19,3,11,19.54,8,App,Plin,1,76.82 aprox,Promocion
288,59,4,4,08-02-2026,3,2,186.75,,  WhatsApp ,Efectivo,1,184.81,Revisar
289,79,3,1,2026-06-16,5,12, 13.06 ,8,Web,  Plin ,1,53.6,Promocion
290,78,4,4,2026-01-25, 6 ,16,186.75,5,Presencial,Yape,2,217.5,  Cliente frecuente 
291,25,4,2,2026-02-02,6,,186.75,5,Presencial,YAPE,2,194.71,Revisar
292,74,2,5,2026-01-15,4,10 aprox,65.77,0,Web,Yape,,109.95,
293,70,7,4,2026-06-28,4,,S/ 43.57,8,,Transferencia,4,55.82,
294,76,8,5,2026-04-06,7,19,10.08,5 aprox,Telefono,Plin,4,49.9,cliente frecuente
295,14,2,3,10/05/2026,5,8,65.77,5,Presencial,Tarjeta,2,109.38,OK
296,70,7,1,2026-05-28,2,16,43.57,20,Telefono,Plin,4,47.51,Promocion
297,28,9,4,2026-06-26,5,5 aprox,4.28,,Web,EFECTIVO,5,43.62,Revisar
298,52,3,4,2026/06/25,3,4,13.06,15,WhatsApp,Transferencia,1,,OK
299,50,2,3,2026-01-03,4,,65.77 aprox,5,Presencial,Tarjeta,1 aprox,89.73,Revisar
300,41,6,1,2026-05-18,3,17,S/ 19.54,8 aprox,Web,Efectivo,5,43.93,Promocion
301,76,4,1,2026-05-15,3,8,186.75,12,WeB,Tarjeta,3,,Revisar
302,78,5,3,2026/03/16,7,11,8.4,0,WEB,Tarjeta,5,53.08,Promocion
303,10,9,5,2026-01-21,6,2,S/ 4.28, 8 ,Telefono,transferencia, 4 ,41.55,Revisar
304,7,7,5,2026-03-15,5 aprox,9 aprox,43.57,10,  WhatsApp ,Transferencia,3,66.95,Revisar
305,36,3,6,2026/04/25,1,10,13.06,5,Presencial,Transferencia,4,22.8,
306,14,8,6,2026-05-11,5,13 aprox,10.08,0,WhatsApp,Plin,,45.27,Promocion
307,77,5,2,2026/03/01,5,,8.4,0,Presencial,Transferencia,5,34.13,Revisar
308,59,6,7,2026-02-23,2,4,19.54,8,Web,Yape, 5 , 27.16 ,
309,37,6,7,2026-06-03,1,17,19.54,0,PRESENCIAL,Transferencia,1,42.93,Revisar
310,69,2,1,2026-01-02,6,2,S/ 65.77,0,App,Yape,2,101.15,
311,40,6,7,2026-01-06,4,8,S/ 19.54,10,WhatsApp,Tarjeta,4,13.15,Revisar
312,76,7,6,2026-04-24,1,2,43.57,8,Presencial,Tarjeta,3, 70.7 ,Cliente frecuente
313,73,7,2,2026-01-07,1,18,43.57,20,Web,Tarjeta,5,44.07,OK
314,66,8,7,2026-02-09,2,3,10.08,8,App,Efectivo,3,12.35,OK
315,76,6,5,2026-06-13,2,2,19.54,10,WhatsApp,Tarjeta,1,35.06,OK
316,53,2,6,2026-01-22,5, 18 ,65.77,8,TeLeFoNo,Tarjeta,1,96.57,
317,2,9,1,2026-05-01,2,3,4.28,20,Presencial,Efectivo,4,0.5,Promocion
318,58,5,2,2026-03-11,7,7,8.4,12,Telefono,Tarjeta,1, 44.9 ,Cliente frecuente
319,19,8,1,2026-01-03,3,4,10.08,15,WhatsApp,Efectivo,4,17.86,Promocion
320,34,9,6,14-01-2026,8,19,S/ 4.28,20,Telefono,TaRjEtA,5,55.5,Revisar
321,45,4,2,02-04-2026,6,7,186.75,15,PRESENCIAL,Transferencia,5,193.19,OK
322,45,1,1,2026-03-27,3,12,,12,WEB,YaPe,1,32.29,
323,32,2,3,2026-05-04,7,87.49,65.77,0,Web,Efectivo,1,124.5,
324,42,5,1,2026-02-21,4,12,8.4,10,WHATSAPP,Efectivo,3,3.46,OK
325,84,7,7,2026-03-11,3,2,43.57,15,,Efectivo,1,49.96,
326,58,5,5,2026-02-05,1,19,S/ 8.4,12,PrEsEnCiAl,Yape,3,26.53,Cliente frecuente
327,32,5,2,,8,7,8.4,12 aprox,WhatsApp,Tarjeta,1,16.62,Revisar
328,2,6,4,2026-04-13,2,12, 19.54 ,0 aprox,Presencial,Tarjeta,3,42.46,Revisar
329,78,1,2,2026-02-20,1,16,32.03,15,Telefono,tarjeta,4,39.27,Revisar
330,84,1,1,2026-02-10,3,9,"32,03",0,  Web ,Plin,2,49.44,  OK 
331,48,4,6,2026-04-24,,8,186.75,10,Presencial,  Efectivo ,1,208.43,Cliente frecuente
332,75,4,4,2026-01-25,3,9,186.75,5,WhatsApp,Tarjeta,3,199.45,Cliente frecuente
333,45,6,6,2026-06-08,8,9,19.54,12,WhatsApp,Efectivo,3,57.72,
334,36,4,1,2026-06-04,7,3,186.75,0,Web,Efectivo,2,185.62,
335,23,8,7,2026-06-13,7,11 aprox, 10.08 ,0,App,Transferencia,,37.07,
336,25,4,5,2026-06-21,4,17,186.75,12,WhatsApp,Efectivo,5,208.77 aprox,
337,78,4,1,2026-01-28,8,,186.75,8,WhatsApp,Transferencia,5,217.52,Cliente frecuente
338,28,9,1,2026-06-15,3,5,4.28,0,Telefono,Transferencia,3,"67,31",Revisar
339,11,2,1,2026-03-01,3,5,65.77,0,Web,Efectivo,2,58.19,ReViSaR
340,21,7,2,2026-01-07,5,,43.57,0,  App ,Tarjeta,2,"62,13",Promocion
341,83,6,4,,,18,19.54,15,Web,Yape,4,30.25,Promocion
342,63,4,3,2026/04/04,7,14,186.75,10,Web,Plin,1,217.23,Revisar
343,65,4,3,2026-03-28,1,14,186.75, 0 ,Web,Transferencia,1,174.22,Promocion
344,35,5,6,21/01/2026,2,17,8.4,10,Telefono,,2,23.51,Cliente frecuente
345,8,9,7,2026-05-24,4,16,4.28,0,Web,Efectivo,4,45.74,
346,33,2,7,2026-01-19, 1 ,8,65.77,0,Presencial,Tarjeta,3,73.29,Promocion
347,78,5,7,2026-01-12,2,7 aprox,"8,4",0,Telefono,PLIN,3,27.34,
348,63,6,4,2026-04-19,4,7,19.54,0,  Web ,Efectivo,4,21.58,OK
349,59,9,1,08/03/2026,3,1,4.28,12,WHATSAPP,Yape,4,6.0,Promocion
350,72,5,7,2026-06-10,5,11,8.4,12,App,Tarjeta,1,18.98,Cliente frecuente
351,81,9,6,2026-04-07,6,2,4.28, 0 ,App,Tarjeta,3,56.48,  Revisar 
352,28,2,6,2026-06-26,4,11,65.77,12,  Telefono ,,3,76.93,
353,42,8,5,2026-01-17,5,1,"10,08",0,Telefono,YaPe,1,49.05,
354,75,1,1,2026-06-20,1,11,32.03,5,WhatsApp,Plin,3,37.84,OK
355,70,9,6,,5,9,4.28,10,Presencial,Efectivo,5,24.79,
356,76,5,1,,3, 13 ,8.4,12,App,Yape,1,18.52,
357,78,3,2,2026-05-12,8,2,13.06,0,App,Plin,1,27.72,Promocion
358,6,5,7,2026-06-03,5,5,8.4,15,Telefono,Plin,4,0.5,Revisar
359,81,4,4,2026-01-14,4,13 aprox,186.75,5,Telefono,Efectivo,4,196.18,OK
360,34,1,6,2026-04-17,1,18,"32,03",12,web,Yape,5,S/ 26.39,Revisar
361,53,6,6,2026-01-14,,10,,0,Presencial,  Tarjeta ,2,54.74 aprox,
362,10,7,6,2026-03-12,6,7,43.57,5,WhatsApp,Yape,1,63.32,
363,55,9,3,2026-06-05, 1 , 8 ,"4,28",0,Presencial,Plin,1,0.5,OK
364,32,3,7,2026-02-11,4,7,13.06,0,Web,Yape,3,18.76,Cliente frecuente
365,45,2,1,2026-01-08,8,8,65.77,0,Presencial,plin,2, 119.3 ,Revisar
366,16,1,1,2026-06-18,5,12,32.03,10,Telefono,Efectivo,3,"39,15",Revisar
367,3,3,2,2026-05-28,6,14, 13.06 ,15,App,Plin,4,59.96,
368,28,8,1,2026-05-07,8,20 aprox,10.08,8,App,Transferencia,1,68.22,
369,66,2,5,2026-03-23,7,15,65.77,0,Presencial,Tarjeta,4,75.42,
370,6,4,4,2026-06-01,7,,186.75,10,Telefono,Plin,5,210.79,Promocion
371,45,4,2,2026-05-13,2,16,186.75,8,App,Plin,4,196.36,Revisar
372,56,9,4,18/01/2026,4,7,4.28,0,WhatsApp,EfEcTiVo,4,,Promocion
373,32,7,1,2026-02-14,3,9,43.57,10,WhatsApp,Efectivo,4,62.6 aprox,
374,29,1,5,2026-04-02,6,12,32.03,15,WhatsApp,Tarjeta,2 aprox,65.8,Revisar
375,14,7,5,2026-06-06,3,5,43.57,15,web,Yape,5,76.17,OK
376,71,3,3,2026/03/07,6,10,13.06,5,Web,Efectivo,3,44.53,ReViSaR
377,12,9,4,2026-06-11,4,14,4.28,0,Web,Plin,5,48.7,Cliente frecuente
378,51,4,5,2026-06-17,8,12,186.75,0,web,Tarjeta,5,235.13,Revisar
379,61,6,7,2026-02-11,2, 19 ,19.54,0,PrEsEnCiAl,Yape,3,20.31,
380,14,1,6,2026-01-21,5, 19 ,"32,03",5,App,  Yape ,4,64.57,
381,3,7,4,17/04/2026,2,4,43.57,15,Telefono,Transferencia,1,57.24,Revisar
382,5,3,3,19-05-2026,6,12,13.06,5,Telefono,Yape,3,,Promocion
383,32,7,1,2026-02-14,3,9,43.57,10,WhatsApp,Efectivo,4,62.6 aprox,
384,78,3,1,2026-01-12,4, 1 ,13.06,8,Telefono,Efectivo,,15.6,Revisar
385,84,4,7,2026-03-22,4,3,186.75,15,App,YAPE,4,211.24,
386,27,6,1,2026-05-19,1,12,19.54 aprox, 8 ,  Web ,Tarjeta,4,23.75,OK
387,80,8,1,2026-03-25,3,20,10.08,15,WhatsApp,Efectivo,3,41.72,Revisar
388,33,4,2,2026-03-05,7,13 aprox,186.75,0,Telefono,Plin,3,204.14,Revisar
389,83,8,1,2026-04-28,6,2,10.08,5,Presencial,Tarjeta,3,28.04,Promocion
390,37,5,1,2026-04-16,2,10,8.4,20,App,Yape,4,42.16,Cliente frecuente
391,76,3,6,2026-03-24,,11,13.06,8 aprox,App,Yape,2,29.27,OK
392,18,5,6,2026-04-10,4,12,8.4,0,Telefono,Efectivo,1,20.92,Cliente frecuente
393,58,3,2,2026-04-07,4,11,13.06,5,WhatsApp,Yape,,54.74,Cliente frecuente
394,70,6,2,2026-02-13,5,17 aprox,19.54,12 aprox,Web,TaRjEtA,5,39.16,Cliente frecuente
395,75,6,2,2026-04-18,3,8,19.54,8,Web,Plin,3,68.19,Revisar
396,10,9,1,2026-01-11,3,7,"4,28",15 aprox,Web,Plin,2 aprox,33.11,
397,83,8,4,2026-03-09,8,5 aprox,10.08,8,App,Transferencia,1,51.97,
398,12,9,7,2026-02-26,2,6,4.28,20,Web,yape,4,0.5,Cliente frecuente
399,28,2,3,2026-03-27,8,7,65.77,15,Web,,3,83.14,
400,45,9,1,2026-05-25,7,17,4.28,12,Web,Plin,,24.93,  Promocion 
401,1,3,4,2026-02-11,6,12,13.06,12,App,Transferencia,1,32.4,Cliente frecuente
402,75,9,3,2026-01-21,6,8,4.28,5,Presencial,,2,48.47,Revisar
403,27,5,7, 2026-02-01 ,5,16,8.4,0,Presencial,Transferencia,3,43.1,
404,25,7,5,2026-04-27,6,12,43.57,15,Telefono,Efectivo,5 aprox,77.96,Cliente frecuente
405,53,7,7,2026-01-09,6,13,"43,57",20,WeB,Tarjeta,2,62.02,OK
406,25,1,5,04-04-2026,1,13,32.03,0,Presencial,Yape,1,56.72,Promocion
407,7,1,3,15/01/2026,7,16,32.03,12,WhatsApp,Tarjeta,5,58.98,Promocion
408,81,7,1,2026-05-20,1,13,43.57,15,,Plin,3,,  Cliente frecuente 
409,66,1,4,2026-04-17,7,2,32.03,10,WhatsApp,Efectivo,5,63.77,Cliente frecuente
410,59,8,5,2026-03-11,6,13,S/ 10.08,0,WhatsApp,transferencia,2,22.07,Revisar
411,43,1,1,2026-02-15,6,14,32.03,0,Telefono,Efectivo,2,53.02 aprox,Revisar
412,5,3,7,2026-01-06,3,20,13.06,8,WhatsApp,Yape,5,49.33,
413,54,7,4,2026-04-03,4,13,43.57,10,Telefono,TARJETA,2,42.09,Cliente frecuente
414,32,3,1,2026-02-22,1,5,13.06,12,Presencial,TARJETA,4,11.9,
415,27,4,2,2026-02-25,8,6,186.75,12,Presencial,Tarjeta,5,202.62,Cliente frecuente
416,47,3,7,2026-06-03,4,8,13.06, 10 ,Web,Efectivo,5,49.51 aprox,OK
417,6,4,2,13/03/2026,5,14,186.75,0,App,Plin,2,200.71,Promocion
418,84,6,4,2026-02-19,1,9.42,19.54,8,,TaRjEtA, 1 ,14.68,
419,52,2,2,2026-03-20,6,16,65.77,0,Web,Transferencia,2,98.34,Revisar
420,24,5,4,2026-05-26,8,13,8.4,5,Web,Transferencia,4,42.17,
421,36,8,7,2026-02-18,3,2,10.08,0,Telefono,Efectivo,5,31.77,Promocion
422,33,3,4,2026-06-04,6,8,13.06,20,Telefono,PLIN,3,41.16,OK
423,82,6,3,19/01/2026,4,19,19.54,15,WhatsApp,plin,1,37.71,
424,56,1,4,2026-06-08,7,12 aprox,"32,03",5,,  Efectivo ,3,52.28,
425,84,4,5,2026-02-12,8,1,186.75,20,App,Efectivo,1,658.91,OK
426,81,4,6,2026-03-05,,20,186.75,10,Web,Efectivo,2,192.75 aprox,Revisar
427,82,6,3,2026-04-08,5,5,19.54,0,Presencial,  Plin ,3,S/ 63.68,Revisar
428,14,7,3,2026-02-16,2,11,S/ 43.57,,Telefono,,4,63.03,Cliente frecuente
429,26,8,3,2026-05-28,2,3, 10.08 ,10 aprox,App,Plin,3,12.74,Promocion
430,42,9,7,2026-01-12,7,19,"4,28",5,App,TrAnSfErEnCiA,1,53.41,ReViSaR
431,28,3,7,2026-06-24,3,1,13.06,0,  Web ,Tarjeta,4, 22.52 ,Revisar
432,20,6,4,2026-02-21,3,8, 19.54 ,10,App,Plin,4,43.2,Cliente frecuente
433,22,1,5,, 8 ,18,32.03,0,Telefono,Tarjeta,4,60.2,Cliente frecuente
434,38,8,7,2026-01-08,3,15,10.08,12,Presencial,YaPe,4,24.49 aprox,OK
435,16,2,7,2026-02-25,5,11,65.77,15,Telefono,Plin,2,95.57,Cliente frecuente
436,4,9,6,2026-03-04,7,6,4.28,15,  Web ,Plin,1,37.68 aprox,OK
437,53,4,5,2026-06-12,5,15,186.75,15,WhatsApp,Efectivo,1,636.25,Revisar
438,83,3,6,2026-04-16,,16,13.06,,TeLeFoNo,Tarjeta,2,27.54,
439,74,3,4,06/02/2026,8,14,13.06 aprox,12,App,Yape,1,55.83,Cliente frecuente
440,79,1,7,2026-05-08,8,19,32.03,8,WhatsApp,Plin,5,46.11,
441,16,2,4,2026-02-11,3,20,65.77,12,APP,Plin,4,76.04,Cliente frecuente
442,14,1,5,2026-06-24,2,5,32.03,0,Telefono,Plin,,23.78,OK
443,12,7,2,2026-02-09,3,12,43.57, 20 ,Web,TaRjEtA,3,33.94,OK
444,20,7,1,2026-04-14,6,18.65,"43,57",8,WhatsApp,Plin,1,60.0,
445,80,3,5,2026-05-09,8,4,13.06,10,telefono,Tarjeta,4,,
446,58,8,4,2026-04-27,8,2,10.08,8,WhatsApp,Yape,3,27.1,OK
447,55,4,5,2026-03-02,5,8,186.75,12,Presencial,Plin,2,214.96,OK
448,65,8,2,2026-03-22,1,14,10.08,5,App,Transferencia,2,13.97,  Promocion 
449,28,2,1,2026-01-23,5,5,65.77,0,WEB,Transferencia,4,S/ 66.66,
450,42,1,5,2026-06-13,5,12,32.03,12,Presencial,Plin,4,"48,45",
451,85,8,1,2026-01-09,5,7,10.08,0,APP,Transferencia,2 aprox, 23.42 ,Promocion
452,51,6,1,,6,18,19.54,10,,Plin,3,56.56,OK
453,58,4,6,2026-05-10,1,15,186.75,20,WhatsApp,Transferencia,,182.1,Cliente frecuente
454,12,2,1,2026-03-12,3, 4 ,65.77,15,Web,Tarjeta,2,73.01,
455,72,6,1,2026-06-06,6,4,19.54, 10 ,Telefono,Transferencia,3,58.87,
456,49,2,5,2026-05-20,4,16,65.77,0 aprox,web,tarjeta,5,84.92,Revisar
457,6,1,1,2026-04-01,2,9,32.03,5,Presencial,Plin,3,54.88,OK
458,27,9,5,2026-01-16,6,13,4.28, 12 ,,  Transferencia ,4,20.45,Revisar
459,77,5,5,2026-02-19,6,6,S/ 8.4,12,App,Yape,4,60.62,ClIeNtE FrEcUeNtE
460,64,1,6,2026-05-07,5,17,32.03,0,Telefono,Tarjeta,2 aprox,42.57,Cliente frecuente
461,43,1,5,2026-01-28,2,14,32.03,8,Presencial,Efectivo,1,60.15,Cliente frecuente
462,74,9,4,2026-04-06,4,1,4.28,12,App,Yape,1,0.5,Cliente frecuente
463,65,3,2,2026-04-05,4,,, 10 ,WhatsApp,Yape,1,38.64,OK
464,64,5,1,2026-06-20,5,13 aprox,8.4,15,Web,Plin,5,32.69,
465,79,8,7,2026-05-06,5,12,10.08,0,WhatsApp,Plin,5,28.5,OK
466,4,8,5, 2026-01-15 ,4,8,10.08,0,App,Tarjeta,5,46.24,OK
467,7,7,3,02-05-2026,6,5,43.57,15,Telefono,Plin,4,49.77 aprox,
468,70,9,1,2026/01/01,2, 10 ,4.28,15,Telefono,Yape,5,45.89,
469,23,1,7,2026-02-09,,20,32.03 aprox,20,,Plin,5,21.44,
470,63,6,1,20-02-2026,8,5, 19.54 ,10,Telefono,Tarjeta,3,60.07,
471,34,9,1,2026-01-21,8,16,4.28,20,Web,Transferencia,2,59.07,Promocion
472,44,3,1,2026-03-07,7,9,,12,Web,Yape,4,18.99,Cliente frecuente
473,55,1,4,2026-05-17,1,11,32.03,10,Presencial,transferencia,4,27.81,OK
474,64,9,4,2026-04-26,2,10,4.28,8,Presencial,Plin,4,44.04,OK
475,45,3,3,2026/06/11,4,17,13.06,20 aprox,WhatsApp,EFECTIVO,3,21.11,Revisar
476,68,7,1,2026-03-13,4,12,43.57,5,WeB,Plin,3,242.71,
477,80,6,2,2026-03-26,6,13,19.54,20,whatsapp,Efectivo,4,,Revisar
478,37,2,6,2026-05-17,1,11,65.77,5,Web,YaPe,5,67.73,
479,59,8,4,2026-02-13,5,6,S/ 10.08,5,presencial,plin,2,46.97,Promocion
480,43,1,4,2026-01-18,5,5,32.03,0,App,Plin,4,26.7,Revisar
481,10,1,5,2026-06-12,2,78.58,32.03,,Web,Yape,1,81.05,OK
482,15,7,7,2026-03-11,6,9,43.57,0,Presencial,Transferencia,2,55.35,Cliente frecuente
483,43,3,6,2026-04-25,5,11,13.06,0,app,Efectivo,5,16.46,  OK 
484,66,2,7,2026-02-16,1,16,65.77,5,Presencial,Efectivo,4,71.39,OK
485,1,3,3,2026-03-28,7,2,13.06, 12 ,,Transferencia,1,46.36,OK
486,31,1,1,2026-03-10,7,9,32.03,0,WhAtSaPp,  Efectivo ,3,48.11,Revisar
487,64,9,2,20/02/2026,7,8,4.28,0,App,Tarjeta,1,28.94,Promocion
488,41,4,5,,2,8,186.75,12,WhAtSaPp,,1,205.63,Cliente frecuente
489,71,8,6,2026-05-19,8,11 aprox,10.08,0,Web,Plin,2,33.89,Revisar
490,68,7,5,2026-02-16, 1 ,15,43.57,20,whatsapp,YAPE,1,64.94,
491,13,9,1,2026-02-15, 1 ,12,4.28,12,Web,Plin,1,S/ 6.12,
492,51,7,7,2026-01-20,, 5 ,43.57,5,Telefono,Tarjeta,4,84.24,
493,67,5,7,2026/05/18,1,20,,12,Telefono,  Efectivo ,1,29.5,OK
494,22,7,7,2026-04-18,8,10,43.57,8,Web,TaRjEtA,2,79.37,Promocion
495,64,2,7,2026-02-13,4,5,65.77,0,App,Tarjeta,5,78.14,OK
496,54,9,5,2026-04-26,,15,4.28,0,Telefono,  Efectivo ,2,19.46,Revisar
497,78,4,1,2026-01-28,8,,186.75,8,WhatsApp,Transferencia,5,217.52,Cliente frecuente
498,49,5,3,05/05/2026,5,20,S/ 8.4,8,WhatsApp,Efectivo,1,15.44,OK
499,32,8,2,2026-01-06,4,,10.08, 0 ,Telefono,Transferencia,2,21.94,Revisar
500,77,1,3,13-04-2026,8,16,32.03,0,WhatsApp,Yape,2,45.22,
