id_envio,id_cliente,id_tipo_envio,id_sede,fecha_operacion,cantidad_paquetes,peso_paquete_kg,tarifa_base,descuento_pct,canal,metodo_pago,calificacion,costo_envio,observacion
1,3,5,2, 2026-04-25 ,5,34.69,51.69,10,Web,Transferencia,2,120.31,
2,51,9,5,2026-05-05,5,18.07,118.81,15,Presencial,Transferencia,2,"159,22",Promocion
3,81,9,2,2026-01-25,1,9.75,118.81,15,App,Tarjeta,2,112.19,
4,10,9,1,2026-05-01,4,,118.81, 10 ,App,Transferencia,3,,Revisar
5,7,4,6,2026-04-26,7,17.24,S/ 43.99,15,Presencial,Yape,3,113.2,Promocion
6,59,6,4,2026-02-09,4,25.86,76.22,0,Web,  Transferencia ,3,131.51,Promocion
7,44,3,5,2026-04-21,8,30.29,26.64,5,TeLeFoNo,Efectivo,3,109.95 aprox,Promocion
8,28,3,1,2026-04-23,5,17.8,26.64,5,,Transferencia,4,114.45,
9,61,7,5,2026-02-23,5,22.27,89.36,8,presencial,PlIn,4,155.02,Promocion
10,25,3,1, 2026-02-19 ,5,24.87,26.64,8,Web,TRANSFERENCIA,3,85.05,
11,36,6,5,2026-03-13,2,7.97,76.22,5,Telefono,yape,1,81.13,REVISAR
12,33,6,1,2026-04-05,,24.44,76.22,15,Telefono,Transferencia,3,115.29,
13,7,4,6,2026-04-26,7,17.24,S/ 43.99,15,Presencial,Yape,3,113.2,Promocion
14,39,4,1,2026-05-02,2,1.71,43.99,8,APP,Tarjeta,3,199.42,
15,54,5,3,2026-01-21,2,11.36,51.69, 20 ,Telefono,  Tarjeta ,2,76.89 aprox,Cliente frecuente
16,11,7,5,2026-01-09,2,30.72,89.36,12,App,Plin,2,"131,22",Promocion
17,27,1,1,2026-05-23,4,14.93,8.28,8,Web,Yape,2, 60.32 ,Cliente frecuente
18,8,8,3,13-06-2026,7 aprox,14.88,57.44,8,App,  Tarjeta ,3,112.52,
19,4,3,3,2026-02-07,8,16.55,26.64,0,Telefono,  Yape ,1,,OK
20,79,4,5,2026-03-03,5,14.13,"43,99",10,WhatsApp,Transferencia,3,80.76,Ok
21,67,4,4,2026-04-28,7,9.62,43.99,0,Telefono,Efectivo,2,101.53,Revisar
22,41,5,6,2026-06-15,1,26.74,51.69,0,App,,4,104.09,Cliente frecuente
23,24,2,5,2026-03-18,1,30.6,14.68,0,App,Tarjeta,2,87.4,Promocion
24,72,9,6,2026-03-09,3,19.75,118.81,8,Presencial,Plin,3,"140,39",Promocion
25,28,6,5,2026-06-26,5,2.7, 76.22 ,0,Telefono,,3,117.76,Revisar
26,40,9,5,2026-04-26,4,21.51,118.81,10,App,Tarjeta,2,167.22,Promocion
27,52,7,6,2026-04-27,3,12.26,89.36,8,App,Plin,1,105.61,Cliente frecuente
28,53,5,6,2026-03-20,6,23.65,51.69,0,Telefono,Efectivo, 1 ,108.27,
29,4,7,6,2026-05-18,1,20.17,89.36,0,App,Efectivo,1 aprox,138.07,Revisar
30,80,9,1,2026-03-05,6,15.61,118.81,0,App,TaRjEtA,1 aprox,177.27,Cliente frecuente
31,34,7,1,2026-06-13,7,19.98,89.36 aprox,5,,Efectivo,3,150.06,  OK 
32,75,1,4,2026-02-07,8,,8.28,20,App,Plin,2,60.41,
33,33,7,6,2026/06/15,2,30.07,89.36,0,  WhatsApp ,PLIN,1,130.38,Promocion
34,42,5,6,2026-01-01,6,14.91,51.69,0,  Web ,Tarjeta,5,102.15 aprox,
35,51,7,2,2026-02-01,8,10.31 aprox,89.36,0,Presencial,Plin,4,124.12,Cliente frecuente
36,7,4,6,2026-04-26,7,17.24,S/ 43.99,15,Presencial,Yape,3,113.2,Promocion
37,82,6,3,2026-02-18,,1.87,76.22,20,Telefono,Yape,4,83.3,Promocion
38,27,7,7,2026-05-19,8,2.05,89.36,5,Telefono,YaPe,4, 127.44 ,Cliente frecuente
39,75,1,7,2026-04-01,6,22.84,8.28,15,Presencial,Yape,5,96.0,Revisar
40,65,6,7,2026-02-15,7,19.22,76.22,12,Web,Transferencia,3,"136,71",
41,80,7,6,2026-01-19,8,17.43,89.36,15,Presencial,Yape,5,142.09,Promocion
42,52,2,5,2026-02-20,3,32.37,14.68,12,Web,Efectivo,5,97.93,Revisar
43,33,9,2,2026-01-28,7,11.28,118.81,,  Telefono ,Yape,2,169.6 aprox,Revisar
44,46,8,4,2026-03-15,2,33.19,57.44,20,App,YaPe,4,S/ 109.25,OK
45,36,3,6,27-03-2026,8,17.28,26.64,5,Presencial,Efectivo,3,99.07,OK
46,76,3,5,2026-06-01,1,"17,04",26.64,0,App,Yape,2,57.74,OK
47,56,9,3,2026-01-12,7,10.97,118.81, 0 ,App,efectivo,5,"173,37",Cliente frecuente
48,8,8,3,2026-04-14,4,13.45,57.44,8,Web,  Transferencia ,1,81.99,
49,84,3,4,2026-03-10,1,29.91,26.64,0,WhatsApp,Plin,1,78.23,Cliente frecuente
50,62,6,1,2026-05-14,4,1.41,76.22,10,Presencial,Plin,3,96.59,Cliente frecuente
51,40,4,2,2026-05-04,,33.8,43.99,0,App,Plin,4,121.92,
52,1,4,2,2026-02-24,8,10.73,43.99,12,App,PLIN,5,"114,05",OK
53,72,3,3,2026-06-24,3,21.15 aprox,26.64,15,,transferencia,5,66.57,
54,73,6,2,2026-01-06,1, 30.93 ,76.22,5,Web,Yape,4,142.16,Promocion
55,19,6,5,2026-01-22,5,28.38 aprox,76.22,8,Presencial,Efectivo,2,150.72,
56,73,6,2,2026-01-06,1, 30.93 ,76.22,5,Web,Yape,4,142.16,Promocion
57,39,7,7,2026-02-05,8,"32,73",89.36,12,Web,Efectivo,5,177.89,  Revisar 
58,33,2,3,2026-03-18,4,24.13,14.68,12,Telefono,Plin,4,77.69,OK
59,27,4,6,2026-06-11,4,11.61,43.99,12,Presencial,Efectivo,4,103.1,Cliente frecuente
60,2,9,6,2026-01-12,,20.97,118.81,12,WhatsApp,Transferencia,4,169.73,Revisar
61,49,8,3,2026-02-28,6, 34.94 ,57.44,12,WhatsApp,Efectivo,3,128.21,Promocion
62,13,8,1,2026-02-03,3,16.74,57.44,0,  Presencial ,Yape,5,105.15,Cliente frecuente
63,55,9,4,09/01/2026,5,1.26,118.81,8,Telefono,Tarjeta,2,116.99,
64,50,8,7,2026-03-24,6,8.15,57.44,10,Presencial,Plin,1,125.03,Promocion
65,13,4,3,2026-02-22,2,24.67,43.99,12,Telefono,Yape,5,88.24 aprox,
66,6,9,2,2026-06-02,4,18.98,118.81,12,Web,Tarjeta,3,159.37,Cliente frecuente
67,74,3,2,2026-04-26,1,30.47,26.64,0,APP,Plin,,66.97,
68,44,7,2,,1,13.2,89.36,12,Presencial,Plin,4,105.95,
69,66,9,3,2026-05-16,4,1.18,118.81,0,App,Tarjeta,1,119.11,ReViSaR
70,68,9,7, 2026-04-05 ,8, 16.22 ,118.81,8,App,Transferencia,4,153.34,revisar
71,23,7,5,2026-04-17,1,"12,39",89.36,0,Presencial,Transferencia,1,86.81,
72,85,8,1,2026-03-24,2,23.13,57.44,0,App,Yape,1,"113,94",OK
73,73,7,4,2026-02-07,8,12.61,89.36,0,Web,Yape,3,129.33,Revisar
74,6,5,2,2026-03-27,3,,51.69,10,App,Transferencia,1,96.33,Promocion
75,50,9,5,2026-04-23,1,27.9,118.81,12,Web,Tarjeta,1,150.52,Promocion
76,36,6,2,2026-01-18,4,34.11,76.22,8,Presencial,Efectivo,5,137.8,Cliente frecuente
77,67,2,4,19/02/2026,3, 14.44 ,14.68,,WeB,  Transferencia ,4,64.01,Cliente frecuente
78,1,1,2,2026-03-09,7, 17.43 ,S/ 8.28,20,Web,Yape,5,78.72,Cliente frecuente
79,27,4,6,2026-06-11,4,11.61,43.99,12,Presencial,Efectivo,4,103.1,Cliente frecuente
80,11,3,2,2026/04/01,8,4.61,26.64,0,Telefono,Transferencia,3,67.91,Revisar
81,57,9,5,2026/04/08,5,26.91,118.81,,Telefono,Tarjeta,1,"182,45",
82,22,3,5,2026-01-25,,2.15,26.64,0,Telefono,Yape,2,64.73,Cliente frecuente
83,37,9,4,2026-06-10,8,25.86,118.81,0,whatsapp,Transferencia,4,198.94,Revisar
84,20,1,7,2026-05-17,6,24.7,8.28,0,App,Yape,5,89.53,
85,43,7,1,2026-04-06, 5 ,34.15,89.36,8,  Telefono ,Tarjeta,5,152.03,
86,28,5,2,2026-06-09,3,1.9,51.69,15,PRESENCIAL,Yape,1,66.63,Cliente frecuente
87,67,1,5, 2026-02-04 ,7,3.04, 8.28 ,5,Web,Tarjeta,5,67.26 aprox,
88,52,1,1,2026-02-15,6,"12,28",8.28,20 aprox,WhatsApp,Plin,2,61.51,Cliente frecuente
89,27,4,6,2026-06-22,3,6.63,43.99,5,WhatsApp,PlIn,4,74.68,Promocion
90,62,4,1,06-01-2026,6,10.74,43.99,8,Presencial,Efectivo,5,95.0,Cliente frecuente
91,10,5,6,2026-04-20,8,8.13,51.69,0,WeB,  Tarjeta ,5,"106,83",
92,23,7,6,2026-02-17,5,34.74,89.36,0,Telefono,Yape,,139.55,Cliente frecuente
93,76,3,5,2026-06-01,1,"17,04",26.64,0,App,Yape,2,57.74,OK
94,73,6,2,2026-05-04,3,26.36,76.22,12,Web,Efectivo,5,131.72,
95,78,9,1,01-06-2026,7,24.34,118.81,20,Web,Plin,5,"182,42",
96,64,9,7,2026/01/17,2,11.72,118.81,12,Telefono,Transferencia,2,145.04,Revisar
97,15,8,6,2026-06-14,8,18.9,57.44,12,  Presencial ,Plin,1,129.63,Revisar
98,28,2,6,2026-03-28,5,9.93,14.68,5,WhatsApp,Transferencia,2,42.87,Revisar
99,59,1,6, 2026-04-12 ,3,3.75,8.28,0,WeB,Tarjeta,5,S/ 35.92,Revisar
100,43,5,1,2026-02-03,8,17.9,,8,Web,Transferencia,4,119.79,
101,76,6,3,2026-06-22,4,30.01,76.22,0,Web,Efectivo,2,121.75,
102,34,7,3,2026-03-19,4,30.68,89.36,0,APP,Yape,5,157.46,
103,61,3,3,2026-02-20,8,14.28,S/ 26.64,0,Web,Plin,5,107.73,OK
104,51,1,3,2026-04-08,5,"3,91",8.28,0,WhatsApp,Tarjeta,4,61.11,Promocion
105,28,4,4,2026-02-04,8,9.97,43.99,10,Presencial,Tarjeta,3,103.82,
106,71,6,4,2026-06-10,5,21.98,76.22,15,App,Yape,5,126.94,
107,85,5,7,06/05/2026,3,18.35,51.69,10,WhatsApp,Efectivo,1,78.19,
108,58,9,7, 2026-05-17 ,7,12.8,118.81,0,Presencial,Yape,1,175.88 aprox,Revisar
109,20,9,6,2026-01-24,2,9.28,118.81,5,Presencial,TRANSFERENCIA,5,119.89,Cliente frecuente
110,68,5,4,2026-05-07,5,23.29,51.69,5,Presencial,Yape,2,126.73,Promocion
111,21,5,4,2026-04-21,,17.09 aprox,51.69,12,Presencial,Yape,3,112.34,
112,85,9,1,2026-01-16, 3 ,0.95,S/ 118.81,20,App,Tarjeta,1,109.73,Cliente frecuente
113,76,4,1,,6,13.81,43.99,5,Telefono,Transferencia,5,90.28,Promocion
114,85,5,1,2026-02-01,8,6.4,51.69,5,App,Efectivo,3,89.94,
115,37,6,6,2026-04-21, 6 ,14.61,76.22,5,App,Plin,1,103.29,OK
116,20,4,5,2026-01-25,4,27.39,43.99,8,App,Plin,1,103.5,revisar
117,5,8,2,2026-03-06,2, 3.22 ,S/ 57.44,0,Telefono,Efectivo,3,78.95,
118,80,5,5,2026-01-16,3,6.38,51.69,15,App,Tarjeta,,61.99,
119,43,1,4,2026-03-12,2,6.67,8.28, 5 ,Telefono,TrAnSfErEnCiA,5,51.09,Revisar
120,84,4,2,2026-06-09,5,,43.99,20,Telefono,,5,114.26,Promocion
121,24,1,3,2026-05-28,5,11.7,8.28,15,Telefono,yape,3,36.7,promocion
122,37,1,3, 2026-02-22 ,7,2.79,8.28,0,App,Plin,3,"55,15",Revisar
123,78,3,7,2026-02-03,6,25.28, 26.64 , 0 ,App,Yape,1,106.59 aprox,Revisar
124,44,7,1,2026-06-09,5,19.09,89.36,12,WhatsApp,Efectivo,5,143.11,Cliente  frecuente
125,1,4,1,2026-02-18,6,20.84,43.99,12,Presencial,tarjeta,1,100.65,Promocion
126,33,9,3,18-02-2026,1,32.58,118.81,8,Presencial,,4,151.62,Cliente frecuente
127,74,3,5,2026-06-12,1,32.03,26.64,0,WhatsApp,Transferencia,3,79.0,
128,10,9,6,28/04/2026,1,,118.81,10,Presencial,Yape,5,109.71,Cliente frecuente
129,39,1,2,2026-01-05,8,12.86, 8.28 ,0,APP,Plin,1,79.45,Revisar
130,37,6,5,2026-03-02,3,16.2,76.22,0,Telefono,  Efectivo ,5,108.86,ReViSaR
131,70,9,2,2026-06-15,3,"8,76",118.81,8,Presencial,Transferencia,1,132.0,
132,60,6,4,,1,34.29,76.22,8,  Presencial ,Tarjeta,5,124.31,promocion
133,50,2,1,2026-02-09,8,11.65,14.68,0,WhatsApp,Efectivo,1,69.24,OK
134,61,5,6,2026-01-08,2,18.89,51.69,0,Presencial,Yape,3,105.91,Revisar
135,47,2,2,2026-02-19,2,29.19,14.68,0,App,,3,87.95 aprox,
136,45,1,5,2026-05-13,4,31.35,8.28,0,PRESENCIAL,Plin,5,75.68,Promocion
137,75,9,2,2026-06-15,4,27.08,118.81,10,Presencial,Efectivo,1,150.75,OK
138,77,1,6,08/04/2026,8 aprox,28.24,8.28,5,web,Tarjeta,2,96.54,Cliente frecuente
139,28,3,3,2026-06-15,8,21.11,26.64,5,App,Yape, 4 ,91.25,OK
140,17,9,1,2026-04-17,1,12.54,118.81,0,Presencial,,1,,Revisar
141,40,5,5,2026-03-01,2,12.17,51.69,8,WhatsApp,Yape,3,66.35,Revisar
142,16,5,2,2026-02-24,6,19.66,51.69,5,Presencial,Plin,4,95.39,Promocion
143,67,7,7,2026-02-23,5,14.39,89.36,10 aprox,App,Tarjeta,1,141.67,Revisar
144,13,7,2,2026-05-01,3,19.84,89.36,20,WhatsApp,Efectivo,2,132.5,Revisar
145,28,3,3,2026-06-15,8,21.11,26.64,5,App,Yape, 4 ,91.25,OK
146,58,8,2,2026-01-01,8,20.0,57.44,12,Telefono,Efectivo,4,121.89,Revisar
147,74,7,4,2026-02-06,6,31.38,89.36,0,,Tarjeta,1,146.96,
148,82,5,1,2026-02-07,1,1.25,51.69,20 aprox,WhatsApp,Tarjeta,2,55.87,OK
149,53,2,5,2026-03-07,1,30.82,14.68,20,WhatsApp,Plin,3,70.43,
150,74,8,5,2026-02-01,6,22.62,57.44,12,Web,Yape,5,130.19,Cliente frecuente
151,62,1,3,08/02/2026,2,95.45,8.28,0,WhatsApp,Plin,4,,Promocion
152,23,2,3,,2,34.84,14.68,5,App,Efectivo,5,90.18,Promocion
153,10,7,5,2026-02-12,2,3.21,89.36,5,App,Efectivo,2,85.82,Revisar
154,46,6,7,2026-02-07,7,13.22,76.22 aprox,12,Presencial,Plin, 5 ,126.72,Revisar
155,71,1,5,2026-03-19,7 aprox,2.34,8.28,12,WhatsApp,Yape,1,S/ 35.69,Cliente frecuente
156,63,1,5,2026-03-04,4,19.76,S/ 8.28,0,Presencial,Transferencia,4,57.72,Cliente frecuente
157,64,7,1,2026-03-16,8,32.84,89.36,20,App,Tarjeta,4,160.37,  Promocion 
158,42,7,2,2026-03-04,8,33.94,89.36,12,WhatsApp,Efectivo,3,195.59,Promocion
159,79,4,7,2026-06-06,1,11.88,43.99,0,App,Tarjeta,2,69.55,Revisar
160,6,5,5,2026-05-13,5,15.49,51.69,0,WhatsApp,Plin,1,107.47,OK
161,1,6,1,2026-04-09,4,15.22,76.22,5,Presencial,Yape,2,108.13,Revisar
162,32,3,2,2026-06-04,5, 33.22 ,26.64,12,Web,,4,"122,9",Revisar
163,48,3,7,2026-06-14,2,10.88,26.64,0,App,Tarjeta,3,67.47,Promocion
164,40,5,6,2026-03-12,1,8.83 aprox,51.69 aprox,0,Presencial,tarjeta,1,65.32,Revisar
165,5,4,5,2026-05-28,8,130.6,43.99,0,App,Transferencia,3,296.73,Promocion
166,59,9,5,2026-05-20,5,8.31,"118,81",8,WhatsApp,Plin,1 aprox,150.06,
167,27,6,1,2026-06-12,2,5.64,"76,22",8,Presencial,Tarjeta,1,124.68,Cliente frecuente
168,45,5,1,2026-05-02, 8 ,3.32,51.69,0,Presencial,Yape,5,83.19,
169,33,4,5,2026-06-09,2, 34.52 ,S/ 43.99,5,Presencial,Tarjeta,4,105.66,
170,23,2,6,2026-04-12,5,26.09,14.68,15,Web,Yape,5,85.77,PROMOCION
171,12,2,3,2026-05-20,8,4.04,14.68,0,WhatsApp,PLIN,3,82.63,
172,37,4,6,2026-03-05,3,11.44,43.99, 20 ,Presencial,efectivo,4,83.52,
173,24,4,3,2026-03-04,3,29.65,43.99,15,App,Tarjeta,1,121.4,
174,74,2,7,2026-02-05,4,19.81,14.68,12,Telefono,Efectivo,3,81.25,cliente frecuente
175,53,8,3, 2026-01-01 ,3,9.45,57.44,0,Presencial,Transferencia,3, 79.05 ,
176,26,4,5,2026-03-26,4,28.87,43.99,0,Telefono,Yape,4,104.25 aprox,Promocion
177,54,3,1,,6,30.74,26.64, 0 ,Presencial,EfEcTiVo,5,103.13,Promocion
178,12,4,5,2026-03-03,6,32.04,43.99,0,Presencial,Efectivo,1,141.15,  Promocion 
179,29,1,2,2026-06-04,3,4.43,8.28,5,Presencial,Transferencia,5, 24.97 ,Cliente frecuente
180,76,6,2,2026-05-19,,25.01,76.22,0,WhatsApp,Efectivo,2,111.06,
181,71,7,4,2026-05-28, 2 ,22.98,89.36,12,  WhatsApp ,Efectivo,4,130.29,
182,13,6,3,2026-02-04,3,21.91,76.22 aprox,0,web,Tarjeta,5,114.0,OK
183,82,1,4,2026-06-15, 7 ,11.45,8.28,10,Web,Yape,4,67.56,
184,40,2,5,2026-01-25,6,15.98,14.68,5,Telefono,Plin,4,73.72,
185,77,1,5,2026-01-26,3,8.22,8.28,0,Web,Transferencia,3,40.39,OK
186,20,2,3,2026-04-24,7, 12.91 ,14.68,5,Presencial,TrAnSfErEnCiA,5,74.93,Revisar
187,41,8,5,25-01-2026,2,27.76,57.44,0,App,Transferencia,4,115.81,
188,62,6,6,2026-04-11,1,5.41,76.22,8,Presencial,transferencia,5,78.53,OK
189,19,1,5,2026-01-01,2,21.58,8.28,8,App,Transferencia,4,60.04,
190,50,4,1,2026-03-07,7,31.38,43.99, 0 ,,PLIN,4,143.34,Revisar
191,14,1,7,2026-03-12,,14.54,8.28,15,App,Tarjeta,4,93.65 aprox,Promocion
192,83,9,7,2026/05/22,5, 3.9 ,118.81,0,Telefono,Yape,5,153.4,Revisar
193,62,1,1,2026-01-13,5,24.52,"8,28",0,App,Plin,2,66.09,Revisar
194,49,6,4,2026-04-01,7,21.89,76.22,10,Telefono,Efectivo,1,135.58,
195,14,9,3,2026-06-28,3,19.26,118.81, 10 ,ApP,Yape,3,128.27,
196,71,9,5,2026-06-28,6,20.15,118.81,15,  WhatsApp ,Yape,2,164.58,Cliente frecuente
197,62,9,5, 2026-01-16 ,3,24.48,118.81,15,Web,Efectivo,5,167.15,Revisar
198,10,5,5,2026-03-21,7,31.7,51.69,8,WhatsApp,Yape,2,134.87,Cliente frecuente
199,54,9,3,2026-01-28,7, 14.88 ,118.81,0,App,  Tarjeta ,3,171.36,Cliente frecuente
200,66,1,7,2026-01-21,7,6.69,8.28,0,Telefono,Tarjeta,2 aprox,73.93,Cliente frecuente
201,28,5,2,2026-01-16,5,15.62, 51.69 ,5,Telefono,Transferencia,5,107.01,
202,53,9,4,2026-01-03,7,1.29,118.81,0,WhatsApp,Tarjeta,1,152.19,OK
203,11,7,7,2026-01-13,7,11.4,89.36,20,WEB,Plin,2,104.26,OK
204,56,7,4,2026-03-15,1,2.58,89.36,8,WhatsApp,Tarjeta,5,82.34,ReViSaR
205,44,2,5,2026-05-14,2,17.92,14.68,15,Presencial,Yape,4,61.49,Revisar
206,70,5,4,2026-05-02,8,15.48,51.69,0,Presencial,Efectivo,1,113.65 aprox,
207,2,7,2,2026-03-26,7,4.19,89.36,12,WhatsApp,Yape,2,122.38,
208,13,2,3,2026-01-05,1,27.39,14.68,20,Presencial,Yape,2,55.39,Cliente frecuente
209,32,3,1,2026-03-17,8, 17.45 ,26.64,12,Web,Transferencia,,,
210,47,5,3,,7,2.46,51.69, 10 ,App,Plin,2,81.17,OK
211,10,4,1,2026-02-27,5,5.58,43.99,20,Presencial,Efectivo,4,63.0,Promocion
212,55,2,4,2026-06-05,4,8.91,14.68,15,WhatsApp,Transferencia,1,39.31,  OK 
213,72,4,5,2026-05-28,2,31.72,43.99,0,App,Plin,5,102.79,Promocion
214,35,8,7,17-03-2026,7,2.21,S/ 57.44,0,Web,Plin,2,112.06,Revisar
215,47,7,7,2026-06-22,8,7.08,89.36,0,WhatsApp,Yape,2,125.56,Promocion
216,70,1,7,2026-01-16,5,25.61,8.28,15,  Presencial ,efectivo,5,77.48,
217,20,9,1,2026-04-13,2,18.03,118.81,5,  Web ,Tarjeta,4,157.59,Revisar
218,7,8,7,2026-02-08,1,1.34,57.44,0,Telefono,Plin,4,72.79,Promocion
219,62,6,7,2026-04-27,5,6.45 aprox,76.22,10,Web,Plin,4,121.81,
220,21,8,7,2026-03-07,,31.35,57.44,10,Telefono,Transferencia,3,S/ 142.01,
221,2,2,2,2026-05-13,1,27.79, 14.68 ,0,Telefono,Tarjeta,1,44.69,Revisar
222,23,7,7,06/03/2026,6,20.59, 89.36 ,8,App,Efectivo,3,144.89,
223,21,8,1,2026-05-28,8,9.84,57.44,20,Telefono,Yape,4,S/ 87.99,
224,42,2,5,,7,"28,47",14.68,8,  App ,Yape,1,102.8,Revisar
225,9,4,5,2026-04-05,,15.31,43.99,0,Presencial,Tarjeta,3,66.43,Cliente frecuente
226,24,8,5,2026-05-21,8,12.42,57.44 aprox,5,Presencial,Transferencia,5,104.74,Cliente frecuente
227,46,6,3,2026-05-13,5,28.76,76.22,20,  Web ,Efectivo,1,146.07,ClIeNtE FrEcUeNtE
228,2,5,1,2026-01-20,2,25.26,51.69,0,Web,TRANSFERENCIA, 3 , 95.36 ,Promocion
229,71,6,2,2026-05-26,4,31.06,76.22,12,Telefono,Transferencia,4,120.66,
230,38,3,2,2026-04-03,7,,S/ 26.64,0,WhatsApp,TrAnSfErEnCiA,3,88.88,
231,50,3,2,2026/05/14,4,18.22, 26.64 ,8,Presencial,Efectivo,3,318.38,Revisar
232,24,4,6,2026-02-11,6,31.76,43.99,10,App,Efectivo,1,106.39,Revisar
233,55,8,2,2026-01-24, 5 ,11.56 aprox,57.44, 0 ,Web,Plin,5,83.06,
234,74,1,3,01/04/2026,6,14.35,8.28,15,WHATSAPP,Efectivo,2,50.73,Revisar
235,10,7,5,2026-02-26,7,27.33,89.36,10,App,Tarjeta,5,144.6,Promocion
236,34,4,5,,3,20.34,S/ 43.99,10,Web,Yape,3,99.3,Cliente frecuente
237,4,2,2,2026-04-04,1,1.06,14.68,8,ApP,Plin,2,11.94,ReViSaR
238,40,2,4,2026-02-24,3,31.09,14.68,15,Telefono,Efectivo,2,82.09,
239,48,5,1,2026-03-25,3,11.53,51.69,10,Web,Transferencia,3,98.27,
240,68,5,1, 2026-05-19 ,5,32.98,51.69,0,Telefono,Yape,5,123.39,
241,34,8,4,2026-05-17,3,26.77, 57.44 ,15,App,Plin,5,117.4,
242,65,7,7,2026-02-02,3,,89.36 aprox,0,Presencial,,4,133.33,   
243,32,9,7,2026-02-10,4,19.9,118.81,0,WhatsApp,Yape,4,151.57,Cliente frecuente
244,5,7,2,2026-05-11, 4 ,2.77,89.36,10,Web,Efectivo,3,96.4,Cliente frecuente
245,12,5,7,2026-04-21,5,21.79, 51.69 ,10,App,Efectivo,3,127.97,Revisar
246,17,8,4,2026-01-27,,3.73,57.44,10,Web,Yape,2,84.74,OK
247,21,3,7,2026-02-23,4,32.33,26.64,8,Telefono,Efectivo,3,96.75,Cliente frecuente
248,28,7,1,2026-04-21,3,31.01,89.36,15,WhatsApp,,3,151.75,
249,11,7,2,2026-02-04,2,33.85,89.36,0,Web,Tarjeta,4,S/ 140.96,
250,69,2,1,2026-02-19,3,13.74,14.68,5,Web,Efectivo,3,S/ 64.81,Promocion
251,13,2,4,2026-05-18,7,31.72,14.68,20,Telefono,Plin,4,107.85,Promocion
252,25,1,1,06/05/2026,3,3.3,8.28,0,App,Tarjeta,3,101.47,
253,64,2,6,2026-04-07,5,5.28,14.68,0,WhAtSaPp,Tarjeta,4,59.96,OK
254,2,9,5,2026-02-08,5,0.56,118.81,8,WhatsApp,,5,124.06,OK
255,72,5,2,2026-03-22, 3 ,15.29,51.69,0,,Tarjeta,1, 79.5 ,OK
256,17,7,1,2026-01-25,1 aprox,1.84,89.36,10,Presencial,Tarjeta,5,98.83,Cliente frecuente
257,74,7,4,2026-02-06,6,31.38,89.36,0,,Tarjeta,1,146.96,
258,4,1,1,2026-04-24, 8 ,11.66,8.28,12,Presencial,Transferencia,1,75.87,
259,59,7,4,2026-06-23,6,11.32,89.36,8,Presencial,YAPE,3,133.23,OK
260,42,3,2,2026-06-19,1,1.26,26.64,5,Telefono,Efectivo,3,45.2,OK
261,69,2,6,13-04-2026,4,4.12,14.68,,Telefono,TrAnSfErEnCiA,1,65.82,Cliente frecuente
262,10,4,7,2026/02/26,8,25.07 aprox,43.99,0,App,Efectivo,3,115.5,OK
263,82,8,3,2026-04-13,,26.4,57.44,15,Web,TRANSFERENCIA,1,148.2,OK
264,11,8,5,2026-01-13,1,23.53,,15,WhatsApp,plin,5,103.4,OK
265,5,3,1,2026-05-16,2,5.92,26.64,5,Web,Yape,3,,
266,67,1,2,2026-01-23,3,29.44,8.28,10,presencial,Efectivo,1,83.63,OK
267,54,3,7,2026-06-13,7,12.28,26.64,0,WhatsApp,Transferencia,4 aprox,82.62,Cliente frecuente
268,34,1,7,2026-05-23,6,17.66,8.28,10,App,Plin,2,49.49,Revisar
269,78,8,2,2026-05-11,3 aprox,0.21,57.44,0,Telefono,Efectivo,5,74.6,Cliente frecuente
270,75,5,5,2026-06-10,1,18.67 aprox,51.69,0,Presencial,TARJETA,1,83.16,
271,25,3,7,2026-01-03,1,26.8,"26,64",0,Presencial,Yape,3,90.33,Promocion
272,6,5,6,2026-05-23,2,"12,46","51,69",0,Telefono,Plin,1,94.31,OK
273,42,5,6,2026-01-01,6,14.91,51.69,0,  Web ,Tarjeta,5,102.15 aprox,
274,74,5,5,2026-05-07,5,17.37,51.69,0,Telefono,Yape,3,115.88,Revisar
275,69,5,6,2026-02-02,6,9.84,51.69,10,Presencial,yape,4,83.98,
276,33,2,6,2026-04-21,6,10.43,14.68,8,Telefono,Plin,5,101.73,OK
277,73,4,2,2026-04-03,1, 32.67 ,"43,99",0,WhatsApp,Tarjeta,4,109.2,Cliente frecuente
278,21,9,5,2026-02-01,1 aprox,23.43,,12 aprox,App,Efectivo,2,125.27,Promocion
279,55,1,5,2026-01-03,,26.0,8.28,5,PrEsEnCiAl,Plin,3,76.32,OK
280,4,9,2,2026-03-19,5,15.34,118.81,15,Web,Efectivo,2,143.07,Cliente frecuente
281,32,8,6,2026-01-10,1,29.75,57.44,15,APP,Yape,5,109.16 aprox,Promocion
282,45,3,4,2026-06-02,8,32.96,26.64,0,WhAtSaPp,Yape,1,115.17,Revisar
283,66,6,2,2026-01-12,2,16.7 aprox,76.22,0,Web,Yape,4,122.16,
284,25,9,4,2026-02-05,1,"12,83",118.81,20,  Telefono ,efectivo,5,123.49,
285,78,5,6,2026-03-22,4,4.76,51.69,15,,Transferencia,3,59.86,CLIENTE FRECUENTE
286,9,2,2,2026-05-20,6,6.12,14.68,0,,Tarjeta,4,"78,13",
287,66,4,4,2026-03-06,3,1.5 aprox,43.99,0,Presencial,Transferencia,3,69.88,Cliente frecuente
288,18,6,7,2026-02-09,5,1.83,76.22,20,Web,Tarjeta,5,100.31,OK
289,34,5,4,2026-03-07,5,30.03,51.69,0,Web,Yape,3,134.93,Revisar
290,47,5,6,2026-05-01,5,29.11,51.69,0,Web,Yape,5,116.66,Promocion
291,44,9,7,2026-05-06, 6 ,6.19,118.81,8,App,Yape,2,161.93,Cliente frecuente
292,62,4,7,2026-02-15,1,28.15,43.99,12,Web,Plin,2,273.83,Promocion
293,65,1,3,2026-02-07,2,2.43,8.28,15,Telefono,Tarjeta,4,20.2,Revisar
294,73,2,5,2026-04-13,5,10.02,14.68,20,WhatsApp,Yape,2,70.97,Revisar
295,29,9,1,2026-05-12,2, 34.59 ,118.81,0,Telefono,Efectivo,2,173.45,Revisar
296,34,1,4,2026-01-20,2,"31,4",8.28,10,WhatsApp,yape,5,78.87,
297,10,4,4,2026-05-22,7,19.17,S/ 43.99,8,,Yape,2,114.21,
298,33,3,1,2026-01-07, 5 ,29.81,26.64,5 aprox,Telefono,Efectivo,4,96.15,Cliente frecuente
299,42,8,2,2026-06-22,7 aprox,6.58,57.44,5,WhatsApp,Tarjeta,2,90.17,ReViSaR
300,59,1,5,2026-03-19,3,1.14,8.28,20,App,Tarjeta,1,12.13,Cliente frecuente
301,14,2,6,2026-02-27,1,1.92,14.68,0 aprox,Presencial,Tarjeta,3,52.16,OK
302,7,1,5,2026-03-02,6,8.07,8.28,5,Presencial,Yape,1,77.29,Revisar
303,38,1,4,2026-03-12,8,2.78,8.28,8,App,Plin,2,53.28,Cliente frecuente
304,19,6,5,2026-02-14,1,2.97,"76,22",5,Presencial,Tarjeta,2,79.91,Revisar
305,74,1,3,01/04/2026,6,14.35,8.28,15,WHATSAPP,Efectivo,2,50.73,Revisar
306,33,6,5,2026-05-16,7,1.4,76.22,0,Presencial,Plin,4,S/ 112.66,Revisar
307,61,6,3,2026-05-12,5 aprox,14.31,76.22,20,WhatsApp,Plin,5 aprox,118.74,Revisar
308,34,8,4,2026-05-17,3,26.77, 57.44 ,15,App,Plin,5,117.4,
309,76,5,2,2026-06-04,,13.86 aprox,S/ 51.69,0,App,Transferencia,4,106.72,
310,69,2,1,2026-06-23,1,24.24,14.68,20,App,TARJETA,1,51.8,
311,59,3,4,2026-02-03,2,"6,07",,0,,  Transferencia , 3 ,41.27,Cliente frecuente
312,53,1,4,2026-04-10,2,"34,81", 8.28 ,0,,Yape,5,62.36,Promocion
313,10,9,1,2026-05-03,8,9.76,118.81,0,Web,,3,136.91,Revisar
314,5,8,2,2026-04-19,4,1.28,57.44,0,Presencial,Efectivo,5,89.52,   
315,1,6,5,2026-03-25,8,7.63,76.22,10,Web,Plin,5,130.99,Cliente frecuente
316,22,6,5,2026-05-14,7,10.28,76.22,0,WhatsApp,Yape,5,125.84,
317,9,7,5,2026-01-28,4,24.97,89.36, 5 ,WhatsApp,Tarjeta,4,139.0,
318,59,9,1,2026-05-26,5,14.3,118.81,8,Presencial,tarjeta,3,164.8,OK
319,76,5,2,2026-04-15,5,16.44,51.69,20,App,Efectivo,4,76.03,
320,79,3,7,2026-02-23,1,6.41,26.64,0,Telefono,Plin,3,52.21,Revisar
321,1,8,4,20/01/2026,6,9.77,57.44,5,App,Efectivo,1,93.23,Promocion
322,72,5,6,2026/02/15,6,2.63,51.69,12,Presencial,YaPe,1,82.63,
323,51,3,3,2026-02-08, 1 ,23.64,26.64,12,Web,,5,78.15,Cliente frecuente
324,6,5,5,2026-05-13,5,15.49,51.69,0,WhatsApp,Plin,1,107.47,OK
325,55,1,1,,5,32.84,8.28 aprox,,App,Tarjeta,2,78.46,
326,50,7,1,2026-01-15,1,17.5,89.36,5,App,,5,,Revisar
327,80,5,5,2026-01-16,3,6.38,51.69,15,App,Tarjeta,,61.99,
328,68,3,6,2026-05-04,6,8.32,26.64,8,Presencial,Transferencia,5,"63,58",Promocion
329,85,4,1,2026-01-10,5,30.74,43.99,,Web,Transferencia,1,120.79,Cliente frecuente
330,64,4,6,2026-01-06,7,17.74,43.99,8,App,Efectivo,5,101.87,Revisar
331,1,1,5,2026-03-03,1,13.28 aprox,8.28,10,App,efectivo,1,,Promocion
332,47,5,2,2026-04-28,1,30.16,51.69,5,  Telefono ,Efectivo,5 aprox,103.42 aprox,
333,36,7,1,2026-01-04,8,21.63,89.36,0,Telefono,Efectivo,1,579.71,Promocion
334,25,1,7,2026-02-24,2,19.96,8.28,0,App,Transferencia,2,68.29,Promocion
335,9,1,2,2026-01-05,3,3.68,8.28,8,Web,Yape,1,30.22,Revisar
336,17,2,4,2026-04-07,7, 3.08 ,14.68,8,Presencial,,2,69.74,OK
337,20,9,5,2026-06-04,3,,118.81,15,Web,TrAnSfErEnCiA,3,638.23,
338,37,1,3, 2026-02-22 ,7,2.79,8.28,0,App,Plin,3,"55,15",Revisar
339,22,2,1,2026-06-26,6,10.97,14.68,0,Presencial,Transferencia,5,74.49,
340,73,3,4,2026/05/23,7,28.58,26.64,20,WhatsApp,Efectivo,3,108.45,Promocion
341,1,6,1,2026-04-09,4,15.22,76.22,5,Presencial,Yape,2,108.13,Revisar
342,40,1,3,2026-01-13,8,28.39,8.28,0,App,Efectivo,4,94.88 aprox,OK
343,65,1,5,16/06/2026,8,23.03,8.28,5,WhatsApp,  Yape ,2,88.25,OK
344,16,3,5,2026-01-21,3,25.91,26.64,10 aprox,Web,Efectivo,1 aprox,,Revisar
345,47,9,6,2026-02-11,3,27.31,118.81,8,App,Plin,4,S/ 168.99,Revisar
346,37,4,3,2026-01-28,5,21.86,43.99,8,App,,2,105.02,
347,5,1,2,2026-04-21,5 aprox,14.8, 8.28 ,0,ApP,TARJETA,4,,Cliente frecuente
348,75,3,1,2026-06-01,6,8.73,26.64,0,Telefono,,1,77.52,Promocion
349,37,4,5,2026-05-15,2,1.04 aprox,43.99,0 aprox,Presencial,Plin,3,41.66,
350,29,3,7,2026-01-11,2,20.16,26.64 aprox,8,Presencial,Efectivo,,96.18,Cliente frecuente
351,49,7,2,2026/04/05,6,8.64,89.36,,  Web ,Plin,1,133.66,Promocion
352,35,5,5,2026-03-14,7,26.87,51.69,15,App,YAPE,3,126.54,OK
353,55,1,4,2026-06-12,7 aprox,31.18,8.28,20,Presencial,Yape,5,107.95,Cliente frecuente
354,7,9,3,2026-01-07,2,33.14,118.81,20,App,Tarjeta,3,170.62,
355,51,1,7,2026-06-16,6,5.89,8.28,0,  WhatsApp ,PlIn,5,60.65 aprox,
356,2,9,2,2026-04-07, 7 ,29.59,118.81,5,Presencial,Plin,4,179.55,OK
357,67,3,6,2026-05-18,3,11.14,26.64,0,Presencial,Efectivo,2,50.77 aprox,
358,3,3,7,2026-04-19,7,"16,09","26,64",0 aprox,WhatsApp,Transferencia,2,99.41,
359,49,3,6,2026-04-22,4,24.87,26.64,0,Presencial,YaPe,2,96.6,
360,65,8,7,2026-03-27,4,19.7,57.44,0,Telefono,Plin,3,115.7,Revisar
361,62,3,6,2026-06-18, 2 ,8.43,,10,,Transferencia,1,57.18,
362,58,2,3,2026/05/14,5,10.26,"14,68",15,App,Transferencia,3,50.91,PrOmOcIoN
363,38,6,4,2026-05-20,4,65.5,76.22,0,WhatsApp,,3,209.62,Revisar
364,24,2,5,2026-03-15,3,,14.68,15,app,Transferencia,3,59.79,
365,85,7,2,2026-06-26,5,21.12,89.36,10,WhatsApp,Plin,2,156.47,
366,26,6,1,2026-06-08,3,4.22,76.22,5,WhatsApp,Tarjeta,5,93.42,Revisar
367,72,9,7,2026-03-18,6, 0.21 ,118.81,20,Web,Efectivo,1,118.19,Promocion
368,35,7,7,2026-01-17,5,6.36,89.36,12,Presencial,Plin,1,127.26,
369,58,8,2,2026-01-01,8,20.0,57.44,12,Telefono,Efectivo,4,121.89,Revisar
370,24,3,1,2026-03-25,7,30.92,26.64,12,Presencial,Efectivo,2,119.47,
371,41,5,3,2026-06-08,3, 23.05 ,51.69,15,Presencial,  Yape ,4,91.04,
372,11,2,1,2026-02-03,1,124.82,14.68,0,Web,,3,246.81,
373,77,3,4,2026-05-09,7,21.69,26.64,8,Telefono,PlIn,5,102.24,
374,29,2,3,2026-01-02,4,11.29,14.68,0,Telefono,Tarjeta,4,56.16,Revisar
375,64,2,6,2026-03-25,2,6.4,14.68,5,Telefono,Plin,2,12.93,OK
376,35,4,1,2026-02-03,1 aprox,8.67,43.99,20,APP,Plin,3,,Revisar
377,7,1,1,2026-03-13,3,23.4,8.28,8,WeB,Yape,5,65.27,OK
378,59,5,4,2026-02-02,4,,"51,69",0,Telefono,TaRjEtA,4,108.73,Revisar
379,76,7,2,2026-01-17,1,18.73,89.36,10,App,efectivo,1,103.18,
380,9,2,2,2026-05-20,6,6.12,14.68,0,,Tarjeta,4,"78,13",
381,70,2,1,2026-01-17,5,8.05,14.68,0,Presencial,Yape,3,63.7,Promocion
382,72,8,3,2026-03-01,2,33.01,57.44,0 aprox,WhatsApp,Yape,2,101.43,
383,78,9,3,2026-03-20,1,16.95,S/ 118.81,5,Web,Efectivo,1,168.07,
384,43,8,6,2026-06-26,3,34.38,57.44,20,WhatsApp,Plin,1,112.27,
385,1,6,1, 2026-05-08 ,4,13.48,76.22,10,App,Efectivo,3,83.2,OK
386,79,8,7,2026-04-26,1,10.51,57.44,0,App,,1,88.78,Promocion
387,60,3,5,2026-04-06,8,25.17 aprox, 26.64 ,15 aprox,Web,Transferencia,3,88.77,Cliente  frecuente
388,46,7,1,2026-03-16,4,12.66, 89.36 ,15 aprox,WhatsApp,  Yape ,1,116.66,OK
389,74,2,7,2026-04-02, 5 ,34.97,14.68,20,Telefono,Transferencia,2,94.3,Revisar
390,24,3,5,2026-01-22,7,17.08,S/ 26.64,8,Presencial,efectivo,2,104.84,Promocion
391,14,7,5,01-02-2026,3,33.21,89.36,,TELEFONO,Transferencia,5,648.51,Revisar
392,66,2,6,2026-03-11, 8 ,14.5,14.68,0,WhatsApp,Yape,1, 101.6 ,ok
393,17,8,7, 2026-01-04 , 6 ,1.28,57.44,0,Presencial,Efectivo,2,93.45,Cliente frecuente
394,30,3,6,2026-05-19,5,33.75,26.64,20,App,Yape,5,84.86,Promocion
395,28,3,1,08-01-2026,4,18.07,26.64,8 aprox,WhatsApp,Plin,3,88.81,
396,36,6,2,2026-03-23,2,26.92, 76.22 ,5,App,Yape,2,116.45,
397,74,3,5,2026-02-18,3,32.88,26.64,0,WhatsApp,Tarjeta,5,85.09,Cliente frecuente
398,17,5,4,2026-03-17,8 aprox,17.65,51.69,20,Presencial,Transferencia,4,341.83,Cliente frecuente
399,73,1,2,2026-02-10,7,3.18,8.28,5,Presencial,,3,78.01,Revisar
400,11,9,4,,7,32.95,118.81,15,Presencial,Plin,4,207.8,Cliente frecuente
401,31,6,4, 2026-02-09 ,3,31.88,76.22,15,Web,Transferencia,1,109.31,ok
402,26,3,3,2026-05-19,2 aprox,24.87, 26.64 ,12,Presencial,yape,5,103.24,
403,10,9,2,2026-03-07,1,34.96,118.81,15,App,Plin,5,162.54,
404,33,4,4,2026-03-16,5,13.68,,0,Web,PlIn,4,92.66,Revisar
405,13,2,3,2026-01-05,1,27.39,14.68,20,Presencial,Yape,2,55.39,Cliente frecuente
406,37,6,2,2026-02-26,1,15.63,76.22,0,,Efectivo,3,335.73,OK
407,68,6,7,2026-03-10, 3 ,20.46,76.22, 0 ,WhatsApp,Efectivo,2,133.4,Revisar
408,64,4,5,,1,17.55,43.99,0,Telefono,Tarjeta,1,88.56,Cliente frecuente
409,42,2,2,2026-03-23,,20.0 aprox,14.68,0,Presencial,Efectivo,2,68.02,Cliente frecuente
410,38,2,6,2026-03-28,1,17.37,14.68, 8 ,Web,Plin,4,65.57,OK
411,42,2,5,,7,"28,47",14.68,8,  App ,Yape,1,102.8,Revisar
412,27,9,1,2026-02-17,4,13.15,118.81,12,app,Plin,2,145.82,Promocion
413,35,1,2,2026-03-22,5,25.91,8.28,20,WhatsApp,EfEcTiVo,4 aprox,80.88,
414,79,5,6,2026-05-20,5,32.42,51.69,0,Web,Yape,2,117.72,
415,63,3,3,2026-04-05,3,27.31,26.64, 20 ,App,Efectivo,3,88.94,
416,71,2,7,2026-02-26,6,11.26,14.68,15,web,EfEcTiVo,2,82.0,OK
417,22,5,5,2026-01-26,3,16.01,S/ 51.69,12,WhatsApp,Transferencia,5 aprox,107.2,Cliente frecuente
418,38,3,7,2026-03-20,,24.42,26.64,12,Telefono,Plin,1,69.41,
419,22,7,2,2026/02/04,3,34.99,89.36,,Presencial,Transferencia,5,153.71,OK
420,11,3,2,02/02/2026,2,4.49, 26.64 ,10,WhatsApp,Yape,1,304.89,
421,47,8,3,2026-03-10,6,8.01,57.44,12,Telefono,Efectivo,1,91.42,
422,46,6,2,17/05/2026,5,30.78,76.22,20,Telefono,Plin,2,126.87,Promocion
423,75,3,3,2026-02-01,8,18.8 aprox,26.64,8,Telefono,Tarjeta,1,111.81,Promocion
424,54,2,7,2026-05-05,7,28.77,14.68,12,  Web ,Yape,4,108.46,
425,81,5,5,2026-05-21,2,5.78,51.69,0,Web,Tarjeta,4,60.91,
426,74,4,4,17/04/2026,4,31.56 aprox,43.99,5,WhatsApp,Transferencia,1, 106.39 ,
427,36,8,2,2026-03-13,3,31.1,,20,Web,Efectivo,3,106.76,
428,34,3,7,2026-02-09,2,10.46,26.64,12,Presencial,Efectivo,2,212.46,Cliente frecuente
429,17,6,6,2026-03-28,3,24.18,76.22,10,Web,,4,"133,11",Cliente frecuente
430,42,2,5,,7,"28,47",14.68,8,  App ,Yape,1,102.8,Revisar
431,56,1,7,2026-04-25,5,28.79,"8,28", 12 ,Presencial,PLIN,4,93.12,Revisar
432,20,9,6,2026-01-24,2,9.28,118.81,5,Presencial,TRANSFERENCIA,5,119.89,Cliente frecuente
433,82,7,3,2026-05-17,1,41.83,89.36,0 aprox,Presencial,Transferencia,2,S/ 161.99,
434,54,7,1,2026-06-18,8,21.06,89.36,8,telefono,,1,184.47,
435,32,8,4, 2026-02-22 ,2,,57.44,5,Web,Tarjeta,5,111.01,OK
436,22,5,2,2026-01-17,4,14.84 aprox,51.69,15,WhAtSaPp,PlIn,1,86.79,PROMOCION
437,61,7,1,2026-02-18,5,31.73,89.36, 5 ,WhAtSaPp,Efectivo,1,139.65,
438,44,3,6,2026-04-21,3,34.61,26.64,20,Telefono,Yape,4, 104.0 ,
439,60,9,5,2026-02-13,8,27.96,118.81, 0 ,WhatsApp,Transferencia,5,190.57,Promocion
440,5,5,2,2026-04-24,1,10.12,51.69,0,app,Tarjeta,3,80.04,OK
441,38,4,1,,4,12.66,43.99,8,Presencial,yape,1,73.87,Promocion
442,65,3,6,,8, 12.61 , 26.64 , 20 ,Telefono,Tarjeta,5,96.9,Promocion
443,72,3,1,2026-06-20,2,5.22,26.64,5,WhatsApp,YaPe,3,47.61,Promocion
444,24,8,5,2026-05-21,8,12.42,57.44 aprox,5,Presencial,Transferencia,5,104.74,Cliente frecuente
445,12,4,5,2026-05-04,7,13.18,43.99,0,App,Yape,5,97.46,
446,32,1,2,2026-01-13,8,27.05,8.28,0,WhatsApp,Plin,3,92.93,Promocion
447,2,4,3,2026-06-09,4,22.0,43.99,12 aprox,WhatsApp,Yape,5,98.66,Promocion
448,17,3,3,2026-04-09,7,8.31,26.64,0,Telefono,Tarjeta,1,87.27,Promocion
449,66,5,5, 2026-03-11 ,6,29.35,51.69,12 aprox,Telefono,Yape,4,122.85,OK
450,54,3,4,2026-02-02,3,15.44,26.64,12,Web,EfEcTiVo,2,88.09,
451,44,1,4,2026-05-19, 4 ,20.93,"8,28",20,WhatsApp,Efectivo,1,52.42,
452,77,5,7,10-03-2026,5,"3,26",51.69 aprox,12,Presencial,,2,96.81,
453,80,6,5,2026-02-17,7,17.48,76.22,5,  Web ,Transferencia,4,140.29 aprox,Promocion
454,76,5,2,2026-04-15,5,16.44,51.69,20,App,Efectivo,4,76.03,
455,69,7,1,2026-03-21,2,18.83,89.36,0,Web,Yape,1,120.26,Ok
456,13,2,5,2026-04-21,7,31.83,14.68,10,Presencial,Efectivo,3,115.84,Revisar
457,42,1,5,2026-02-20,8,26.96,8.28,20,Web,Tarjeta,4,93.54,Promocion
458,23,9,3,2026-03-19,6,10.68,118.81,12,WhatsApp,Efectivo,3,137.97,Promocion
459,1,7,3,2026-04-18,3,28.44,89.36,10,Telefono,yape,4,156.54,Promocion
460,49,7,5,2026/05/01,7,5.17, 89.36 ,20,Presencial,Efectivo,3,124.62,Revisar
461,81,8,5, 2026-05-26 ,2,14.54,57.44,0,Presencial,TRANSFERENCIA,3,113.52,OK
462,46,3,7,2026-02-25,8,14.45,26.64,0,App,Yape,5,100.05,
463,5,5,7,2026-05-02,7,2.18,51.69,20,Web,Yape,5,92.24,
464,76,1,7,2026-04-04,5,2.7,8.28,0,WhatsApp,Efectivo,2,52.24,Revisar
465,33,9,3,18-02-2026,1,32.58,118.81,8,Presencial,,4,151.62,Cliente frecuente
466,29,5,6,2026-01-13,6 aprox,7.25,51.69 aprox,0,WhatsApp,TaRjEtA,1,90.22,Cliente frecuente
467,34,6,6,2026-05-24,6,24.11,76.22,0,PrEsEnCiAl,Yape,4,157.3,Promocion
468,28,9,6,2026-06-01,2,27.66,118.81,10,WhatsApp,  Plin ,3,135.15,
469,45,3,7,2026-02-18,1,12.47,26.64,0,Telefono,Efectivo,,37.47,Cliente frecuente
470,3,2,7,09/04/2026,7,32.83,14.68,0,App,Tarjeta,5,92.96,Promocion
471,14,6,1,2026-04-04,2,9.97 aprox,76.22,0,WhatsApp,Tarjeta,5,100.0,OK
472,47,8,6,2026-06-23,3,21.62,, 5 ,Telefono,Plin,5,113.34 aprox,
473,30,3,7,2026-04-13,7,9.27,26.64,5,Web,tarjeta,1,66.92,
474,69,3,7,2026/06/22,8,28.38,26.64,20,WEB,Yape,2,125.43,Revisar
475,62,1,1,2026-04-05,3,25.12,8.28,10,  Web ,Efectivo,2,62.83,OK
476,17,7,1,2026-05-09,4,,89.36,15,  Telefono ,Yape,4,"100,05",OK
477,63,1,6,2026-02-12,1,4.67,8.28,15,whatsapp,Transferencia,5,,OK
478,10,8,1,2026-04-17,6,24.67,S/ 57.44,0,Telefono,Yape,1,144.76,OK
479,42,6,6,2026-01-24,4,31.08,76.22,20,WhatsApp,Tarjeta,1,139.48,OK
480,31,7,3,2026-01-21,2,26.61, 89.36 ,5,Web,Plin, 3 ,137.29,Cliente frecuente
481,61,2,4,2026-02-27,1,34.21,14.68,5,App,Transferencia,5,70.93,Promocion
482,31,9,3, 2026-02-18 ,7, 31.61 ,118.81,12,Web,Efectivo,4,200.68,Promocion
483,21,9,6,2026-04-12,7, 31.04 ,118.81,0,Presencial,Tarjeta,4,182.9,Revisar
484,83,5,7,2026-02-21,1,10.29 aprox,51.69,15,Web,  Transferencia ,1,71.3,
485,9,5,4,2026-04-16,3,,51.69,20,PRESENCIAL,TaRjEtA,2,87.52,
486,19,3,3,2026-01-05,7,9.61,26.64,12,Telefono,Plin,5,84.11,Promocion
487,14,3,3,2026-03-18,7,"17,96",26.64,8,PRESENCIAL,Plin,3,107.25,REVISAR
488,54,6,7,2026-05-13,8,5.38,76.22,8,Web,Efectivo,1,111.18,OK
489,84,4,4,20/03/2026,1,18.88 aprox,43.99 aprox,12,App,Efectivo,3,79.53,Cliente frecuente
490,6,1,7,2026-02-23,8,8.4,8.28,0,WhatsApp,,2,63.37,  Cliente frecuente 
491,64,8,3,2026-04-09,8,18.56,57.44,,Presencial,Transferencia,1,141.46,OK
492,36,6,3,08/05/2026,7, 6.77 ,76.22,8,App,TARJETA,3,111.45,
493,11,8,4,2026-02-20,8,21.28,57.44,12,Telefono,Yape, 2 ,103.79,Promocion
494,29,9,3, 2026-02-25 ,7,10.16,118.81,10,Telefono,Tarjeta,4,,Promocion
495,21,4,3,,8,24.73,43.99,,  Presencial ,Yape,2,115.97,cliente frecuente
496,14,6,4,2026-03-19,3,17.4,76.22,12,Web,Yape,3,106.65,Cliente frecuente
497,1,3,2,2026-04-10,5, 11.55 ,26.64,10,WhatsApp,Plin,3,69.58,OK
498,78,7,2,27-06-2026,1,111.08,89.36,0,Web,Efectivo, 4 ,267.19,OK
499,71,7,5,2026-02-24,3,10.32,89.36,0,Telefono,PlIn,3,123.43,   
500,14,4,6,2026-01-05,4,27.3,43.99,12,Web,Yape,5,"115,56",PrOmOcIoN
