id_orden,id_cliente,id_servicio,id_sede,fecha_operacion,cantidad_repuestos,horas_trabajo,tarifa_base,descuento_pct,canal,metodo_pago,calificacion,costo_reparacion,observacion
1,20,8,5,2026/06/05,2,6.96,111.57,15,Presencial,Yape,5,441.77,Revisar
2,48,5,5,2026-06-10,8,11.12,143.51,0,WEB,Plin,4,,
3,56,8,3,2026-02-18,3,4.7,111.57,10,App,Transferencia,3,354.71,Promocion
4,27,9,3,2026-04-22,5,4.62,482.37,0,Telefono,YaPe,1,629.9,
5,85,2,7,24/01/2026,,5.82,77.01,0,App,Plin,3, 337.3 ,Cliente frecuente
6,45,6,4, 2026-04-02 ,6,8.18,215.96,12,Telefono,Plin,2,612.64,
7,46,5,6,2026-04-04,8,0.92,143.51,15,App,Yape,2,295.97,Revisar
8,67,6,1,2026-02-22,2,8.81,215.96,0,,Yape,1,590.01,
9,28,8,4,2026-02-02,3, 4.16 ,S/ 111.57,0 aprox,telefono,Tarjeta,3,351.75,Ok
10,14,6,2,2026-03-20,7,8.59,215.96,5,Web,Efectivo,2,630.94,Promocion
11,3,5,2,2026-04-15, 2 ,8.17,S/ 143.51,0,App,Transferencia,4,516.86,   
12,22,1,6,2026-03-21,8,1.72,90.23,15,App,Efectivo,4,324.57,
13,79,4,1,2026-02-19,1,"8,3",275.62,0,Presencial,Yape,2, 594.98 ,Revisar
14,81,5,2,2026-06-02,3,11.8,143.51,15,Web,Yape,2,651.05,OK
15,57,1,5,28-05-2026,5,10.14,90.23,0,WhatsApp,EFECTIVO,3,1991.14,
16,1,1,5,2026-02-23,8,5.53, 90.23 ,15,Web,  Yape ,4,415.58,Promocion
17,69,8,3,2026-02-27,3,"0,63",111.57,20 aprox,WhatsApp,Tarjeta,3,195.02,Promocion
18,2,1,6,2026-02-03, 4 ,6.06,90.23,12,App,transferencia,2, 371.54 ,Revisar
19,66,6,1,2026-01-13,3,0.91,215.96,0,Presencial,Plin,1,247.03,Promocion
20,24,8,2,2026-05-11,1,1.78 aprox,111.57,12,Web,Plin,3,205.52,
21,77,5,4,2026-06-25,,10.0,143.51,8,WhatsApp,Plin,3,638.77,Cliente frecuente
22,59,4,3,28-03-2026,7,8.04,275.62,10,WHATSAPP,Efectivo,4,660.91,Revisar
23,64,5,2,2026-03-06,1,"6,57",143.51,0,Telefono,Tarjeta,3,439.89,Revisar
24,40,1,2,05/01/2026,2,2.95 aprox,90.23,12,Presencial,Efectivo,5,247.28,
25,74,3,1,2026-01-06,1,4.92,182.15,20,Telefono,Transferencia,2,378.74,OK
26,54,1,4,2026-05-21,8,,90.23,8,App,Transferencia, 5 ,379.48,OK
27,24,1,1,2026-03-10,1,8.54,"90,23",20,Telefono,Transferencia,5,444.76,Revisar
28,79,4,1,2026-05-04,1,3.62,,20,,Tarjeta,1,378.76,OK
29,1,3,4,2026-01-15,2,, 182.15 ,0,Presencial,yape,,429.93,
30,73,3,2,2026-04-09,5,1.08,182.15,,Telefono,Yape,4,305.45,Promocion
31,48,1,1,2026-01-25,7,11.77,90.23,12,Presencial,Transferencia,1,649.97,Revisar
32,50,4,5,2026-04-11,4,2.33,"275,62",20,Web,Tarjeta,5,419.57,
33,37,2,2,2026-05-21,3,8.93,,15,web,Yape,3,465.39,Cliente frecuente
34,4,3,4,2026-02-13,2,2.26,182.15,20,App,Transferencia,5,,Cliente frecuente
35,54,1,1,2026-02-22,8,8.14,90.23,8,PrEsEnCiAl,Transferencia,5,2378.79 aprox,
36,11,4,7,2026-01-13,6,3.41,275.62,12,Presencial,Efectivo,3,472.17,Revisar
37,38,5,4,2026-04-07,3, 7.92 ,,20,Web,Yape,4,S/ 570.37,Revisar
38,85,2,7,24/01/2026,,5.82,77.01,0,App,Plin,3, 337.3 ,Cliente frecuente
39,15,9,3,2026/04/07,8, 5.7 ,482.37, 5 ,Telefono,Efectivo,4,745.96,Promocion
40,8,8,6,2026-03-13,4,1.93,111.57,5,App,Efectivo,2,310.18,
41,15,8,7,2026-04-09, 2 ,7.96,S/ 111.57,,WHATSAPP,EFECTIVO,3,496.5,Revisar
42,48,5,5,2026-06-10,8,11.12,143.51,0,WEB,Plin,4,,
43,47,9,2,2026-04-18,6,6.37, 482.37 ,20 aprox,WHATSAPP,Yape,1,706.1,Revisar
44,28,5,1,2026-02-08,4,2.5,143.51, 20 ,App,Tarjeta,5,320.05,Promocion
45,43,8,2,2026-01-05,4,3.65,,0,Telefono,Plin,1,S/ 343.93,Cliente frecuente
46,84,5,3,2026-05-09,5,7.46 aprox,143.51,8,Telefono,Plin,2,467.37,Cliente frecuente
47,43,7,4,2026-05-09,3,6.31 aprox,306.55,0,Telefono,Efectivo,5,534.03,Revisar
48,43,7,1,2026-05-07,3,6.91,306.55,,,Efectivo,3,593.54,OK
49,9,8,5,2026-04-28,4,0.84,,8,Presencial,TaRjEtA,5,230.0,Promocion
50,19,8,7,2026-02-10,5, 12.0 ,111.57,10,Presencial,Transferencia,5,574.27,
51,39,1,1,2026-04-02,2,11.55,90.23 aprox,12,Web,  Transferencia ,1,1316.24,Promocion
52,68,3,2,2026-03-16,5,4.05,182.15,0,WHATSAPP,Tarjeta,3 aprox,437.31 aprox,Promocion
53,67,2,6,2026-02-18,2,10.37,77.01,12,Telefono,Transferencia,5,490.46,Promocion
54,2,1,1,21/06/2026,2,3.88,90.23,0,Presencial,Plin,5,252.86,Cliente frecuente
55,3,3,3,2026-05-25,,6.75,182.15,0,Presencial,  Yape ,1,,OK
56,44,8,1,2026-06-24,7,3.16,111.57,12,WhatsApp,Tarjeta,3,378.06,promocion
57,25,8,7, 2026-02-12 ,4,1.53 aprox,S/ 111.57,10,WhatsApp,YaPe,2,254.26,OK
58,39,2,6,18-06-2026,2,"6,85",77.01,15,Presencial,Plin,3,435.11,
59,7,1,5,2026-04-19,1,7.4, 90.23 ,0,Web,Tarjeta,2,396.77,Revisar
60,52,6,5,2026-06-05,5,11.59,215.96,5,App,efectivo,2,730.76,OK
61,29,7,1,2026-04-09,2,6.5,306.55,5,WhatsApp,Efectivo,4,555.46,Promocion
62,11,5,2, 2026-04-24 ,2,1.2,143.51,8,Telefono,Tarjeta,3,192.53,
63,20,7,2,2026-03-22,6,7.36,306.55,10,Telefono,Efectivo,1,622.02,
64,27,2,6,2026-05-05,2,1.18,77.01,5,App,Tarjeta,2, 189.9 ,Promocion
65,22,3,5,2026-03-20,2,10.47,182.15,0,WhatsApp,Efectivo,2 aprox,614.52,Revisar
66,47,8,3,2026-06-16,4,9.25 aprox,111.57,10,Telefono,Tarjeta,3,511.97,
67,30,4,3,2026-04-03,7,7.28,275.62,0,TeLeFoNo,,3,663.59,OK
68,19,9,6,2026-02-10,6,7.2,482.37,8,Presencial,YAPE,3,752.07,
69,72,6,2,2026-06-20,4,1.27,215.96,20,Presencial,Yape,2,1417.2,Revisar
70,4,9,7,2026/01/25,3,6.63,482.37,5,App,YaPe,2,746.52,  Cliente frecuente 
71,58,7,4,2026-04-08,2,10.3,306.55,5,Web,Yape,3,687.99,Cliente frecuente
72,56,6,7,2026-03-13,4,9.97,215.96,0,Presencial,Plin,1,"722,04",Revisar
73,69,7,6,2026-06-24,1,0.53,306.55,20,Telefono,Efectivo, 2 ,267.78,Promocion
74,77,4,4,2026-03-20,7,1.59,275.62,10,App,Transferencia,3,394.94,Revisar
75,5,6,2,2026-02-10,3,9.84 aprox,215.96,0,WhatsApp,Plin,4,581.0,Cliente frecuente
76,22,3,3,2026-03-18,2,1.73,182.15,8,WhatsApp,YAPE,5,273.2,  Promocion 
77,35,1,5, 2026-04-26 ,7 aprox,9.53,90.23,15,Telefono,YAPE,2,601.48,
78,33,5,4,2026-04-25,1,6.83,143.51,,Telefono,Plin,4,388.33,Revisar
79,67,7,5,2026-04-28,6,6.09,306.55,15,WhatsApp,Transferencia,1,585.37,Cliente frecuente
80,22,5,5,2026-06-22,1,1.47,143.51,15,WhAtSaPp,Plin,2,173.42,OK
81,61,6,1,2026-01-17,3,9.08,,20,Telefono,Plin,2,608.18,
82,78,3,2,2026-02-20, 7 ,9.82,182.15,12,Presencial,Yape,1, 626.91 ,Cliente frecuente
83,6,1,7,2026-06-21,4, 0.73 ,S/ 90.23,15,Web,Transferencia,2,172.92,Cliente frecuente
84,45,4,5,2026-05-19,8,10.86,S/ 275.62,8,App,Efectivo,4,698.5,Cliente frecuente
85,59,2,1,2026-02-27,8,7.3,77.01,10,Telefono,Yape,5,532.97,Cliente frecuente
86,12,8,5,2026-02-08, 4 , 3.12 ,111.57,8,Telefono,Tarjeta,3,335.03,Cliente frecuente
87,45,1,6,2026-04-10,6,1.75,90.23,10,App,Plin,5,292.41,PROMOCION
88,32,6,5,2026-06-28,3,6.06,215.96,12,TeLeFoNo,Transferencia,2,451.9,Cliente frecuente
89,10,5,4,2026-05-22,1,10.56,143.51,12 aprox,App,Yape, 1 ,531.29,Revisar
90,81,5,2,2026-06-02,3,11.8,143.51,15,Web,Yape,2,651.05,OK
91,57,5,4,2026-06-26,2,10.17,143.51 aprox,15,Telefono,Yape,5,547.63,
92,48,7,2,2026-04-24,5,"4,96",306.55,0 aprox,WhatsApp,Transferencia,5,S/ 556.42,Revisar
93,85,4,3,2026-06-26,5,1.87,275.62,8,Telefono,Transferencia,5,392.45,Revisar
94,42,6,2,2026-04-23,6,5.58, 215.96 , 8 ,PrEsEnCiAl,Yape,2 aprox,485.09,Promocion
95,10,8,6,2026-06-27,4,1.58,111.57,5,Presencial,Efectivo,4, 229.38 ,OK
96,15,7,7,2026-03-18,4,1.24,306.55,0,APP,Transferencia,5,355.31,Cliente frecuente
97,49,7,3,2026-03-07,1 aprox,6.71,306.55,0,WEB,  Yape ,2,537.21,OK
98,6,2,4,2026-06-28,5,2.19,77.01,10,presencial,Plin,1,234.21,Revisar
99,60,8,2,2026-01-25, 2 ,1.97,111.57,10,Presencial,Plin,3, 255.8 ,Revisar
100,85,8,6,2026-04-03,6,3.06,111.57,5,Web,,4, 355.19 ,OK
101,46,3,2,2026-03-09,6,1.23,182.15,5,Presencial,Transferencia,5,286.37,OK
102,23,2,1, 2026-04-05 , 3 ,5.84, 77.01 ,20,Telefono,Tarjeta,3,331.25,Cliente frecuente
103,22,9,2,2026-05-06,7,11.0,482.37,10,App,Transferencia,4,921.69,Cliente frecuente
104,34,3,6,2026-02-18,3,4.1,S/ 182.15,0,Web,Yape,1,350.53,Cliente frecuente
105,51,5,4,2026-05-14,8,3.41,143.51,0,Telefono,Transferencia,4,338.72,Cliente frecuente
106,60,1,2,2026-03-17,1,5.65,90.23,0,Presencial,Efectivo,3,350.25,Cliente frecuente
107,19,5,3,2026-05-16,7,6.71,143.51,,  Telefono ,Plin,5,530.68,
108,21,2,7,2026-04-25,3,9.64,77.01,0,WhatsApp,Efectivo,3,549.23,Cliente frecuente
109,16,7,4,2026-03-18,5,11.01,306.55,0,Telefono,Plin,5,709.65,Promocion
110,63,4,3,,6,0.84,275.62,0,Presencial,Transferencia,2,341.97,
111,8,9,6,2026-04-21,8,4.41,"482,37",0,WhatsApp,Efectivo,3,681.14,Revisar
112,16,9,7,2026-06-02,8,0.5,482.37,5,Web,  Efectivo ,2,524.18 aprox,Cliente frecuente
113,21,3,7,2026-05-21,7,7.5,182.15,10,Telefono,Tarjeta,4, 544.03 ,OK
114,12,3,4,2026-06-22,6,4.46,182.15,,Telefono,Efectivo,4,376.67,
115,43,1,6,2026-02-12,3,,90.23,0,Telefono,,2,232.25,
116,24,5,7,,,7.63,143.51,8,Telefono,Transferencia,2,536.6,Cliente  frecuente
117,3,8,3,2026-06-05,1,7.44,111.57,20,WhatsApp,Plin,1,431.33 aprox,OK
118,42,7,4, 2026-02-20 ,4,6.06,306.55,8,Web,Yape,3,467.3,Promocion
119,49,9,3,2026-02-09,2,1.89,482.37,5,Telefono,Efectivo,4,506.88,
120,55,4,3,2026-01-09,3,11.59,275.62,0,WhatsApp,Yape,3,659.56,Promocion
121,52,6,2,2026-05-08,3,4.26,215.96,0 aprox,WeB,,4,455.17,OK
122,6,9,2,2026-06-07,8,1.81,482.37,15,Telefono,Tarjeta,5,577.68,Cliente frecuente
123,1,7,1,2026-04-21,2,"7,98",306.55,0,PRESENCIAL,Tarjeta,4,547.37,Cliente frecuente
124,63,1,4,2026-03-24,4,6.84,90.23,8,WhatsApp,Transferencia,5,435.08,Cliente frecuente
125,66,5,7,2026-02-01,7,7.79,143.51,15,TeLeFoNo,Yape,1,534.32,
126,83,2,3,2026-02-15,2,10.19,77.01 aprox,0,Presencial,tarjeta,3,487.85,Promocion
127,79,8,4,2026-01-16,8,5.39 aprox,111.57,10,App,YAPE,3,434.33,Cliente frecuente
128,35,1,1,2026-05-24,8,10.79,90.23,20,Presencial,Tarjeta,4,588.54,
129,54,6,2,2026-06-17,1,3.96,215.96,12,Telefono,Plin,1,332.69,Cliente frecuente
130,70,9,6,2026-01-04,1,,482.37,15,Telefono,Efectivo,4 aprox, 581.04 ,OK
131,64,9,5,2026-03-19,6,4.52,482.37 aprox,10,Presencial,Plin,3,609.44,Cliente frecuente
132,65,4,1, 2026-04-10 ,1,10.99,275.62,0,App,Transferencia,3 aprox,682.08,
133,68,7,5,2026-05-04,7,6.94,306.55,15,APP,Tarjeta,,677.46,Ok
134,76,7,3,2026-01-07,2,11.71,306.55,15,App,Yape,4,723.77,
135,48,5,5,2026-06-10,8,11.12,143.51,0,WEB,Plin,4,,
136,50,1,2,20-06-2026,7 aprox,4.37,90.23,5,Web,Plin,2,304.75,Revisar
137,38,2,3,2026-06-20,3,"5,34",77.01,0,WhatsApp,Transferencia,4,327.19,PrOmOcIoN
138,68,5,4,2026-04-07,8,1.48,143.51,0,Telefono,Efectivo,1,316.55,Promocion
139,66,4,4,2026-04-07,6,6.01,275.62,12 aprox,Presencial,Transferencia,5,534.92,Promocion
140,39,2,5,2026-01-21,6,1.72,77.01, 12 ,Telefono,Efectivo,2,294.41,
141,52,7,3,2026-05-09,1,6.48,306.55,0,Web,Efectivo,4,519.15,OK
142,1,9,5,2026-04-28,4,2.06,482.37,15,Telefono,Efectivo,2,546.74,
143,66,9,2,2026-06-12,8,8.0,482.37 aprox,0,WhatsApp,YaPe,3,819.59,Revisar
144,12,6,7,2026-04-17,5,0.53,215.96, 0 ,App,Tarjeta,2,239.12,cliente frecuente
145,64,8,4,2026-02-18,1,10.13,111.57,20,,Efectivo,2,534.6,Revisar
146,6,1,5,2026-02-08,2,5.72,90.23,8,Presencial,Tarjeta,3,377.49,
147,24,9,1,2026-06-07,5,4.3,482.37,0,ApP,Plin,1,587.09,
148,21,6,3,2026-03-02,5,20.97,,12,App,Yape,4,1020.9,Revisar
149,26,1,4,2026-04-23,2,8.22, 90.23 ,0,App,Transferencia,1,1458.65,Promocion
150,37,3,1,2026-01-06,7,9.01,182.15,10,Telefono,Transferencia,1,625.79,
151,72,2,6,2026-01-26,3,9.3,77.01,10,WhatsApp,Transferencia,1,503.83,
152,32,3,3,2026-02-14,7,7.19,182.15,0,Presencial,TRANSFERENCIA,3,489.91,Cliente frecuente
153,49,1,5,2026-04-24,2,10.08,90.23 aprox,8,App,Efectivo,2,519.04,Promocion
154,29,3,6,2026-05-24,4,5.19,182.15,5,Presencial,Efectivo,4,450.25,Revisar
155,73,6,5,2026-04-04,4,11.74,215.96,20,WhatsApp,plin,4,711.14,
156,81,1,1,2026-02-15,2,7.16,90.23,20,Web,Plin,3,425.6,Promocion
157,4,2,2,2026-04-08,5,9.56, 77.01 ,20,WhatsApp,  Efectivo ,4,508.26,
158,7,4,6,2026-03-28,7,8.56,275.62, 0 ,Web,EFECTIVO,5,730.96,
159,69,9,6,2026-04-26,4,"5,85",482.37,10,Telefono,Tarjeta,5,681.3,Revisar
160,44,5,2,2026-06-14,7,7.35,143.51 aprox,0,WhatsApp,Efectivo,4,499.03,Revisar
161,5,5,5,2026-04-03,3,10.54,143.51,12,Telefono,Plin,2,,Promocion
162,46,3,5,2026-04-22,1,3.76,182.15,20,Web,Transferencia,3,322.77,Cliente frecuente
163,51,2,5,2026-05-23,1,2.94,77.01,0,Telefono,Yape,2,270.04,
164,38,2,6,2026-04-12,7,4.53,77.01,10,WhatsApp,Plin,1,360.71,Promocion
165,32,8,6,2026-03-10,1,2.6,111.57,15,Web,,1,277.74,OK
166,73,2,3,2026-05-04,3,6.1,S/ 77.01,8,App,Yape,5,342.52,OK
167,43,8,2,2026-01-05,4,3.65,,0,Telefono,Plin,1,S/ 343.93,Cliente frecuente
168,68,4,2,2026-02-05,1,10.05,275.62,20,App,Efectivo,1,615.63,Revisar
169,31,6,5,26-06-2026,8,7.16,215.96,0,WhatsApp,Yape,5, 543.53 ,Revisar
170,13,2,6,2026-02-14,,7.89,77.01,20,Web,Transferencia,1,456.24,OK
171,34,6,2,2026-05-10,3,9.01,215.96,20,App,TRANSFERENCIA,2,556.39,Revisar
172,80,2,5,2026-06-14,4,1.21,77.01,5,App,Efectivo,5,201.53,
173,84,1,3,2026-05-18,7,9.93,90.23,20,App,Transferencia,4,597.73,
174,69,7,5,2026-05-28,1,,306.55,10,,Yape,4,512.66,Revisar
175,73,4,5,2026-01-08,2,4.09,275.62,12,Presencial,Yape,3 aprox,471.41,
176,73,2,7,2026-04-22,4,9.94,77.01,8,Presencial,Efectivo,5,527.87,OK
177,17,2,6,2026-01-05,5,3.55,77.01,8,App,Transferencia,3,290.56,   
178,26,5,3,2026-04-16,5,5.01,143.51,0,Presencial,  Yape ,3 aprox,406.67,OK
179,57,6,5,2026-02-04,2,1.35,215.96,0,Telefono,Transferencia,1,296.49,
180,45,6,6,2026-06-19,2,3.89,215.96,10,WeB,Tarjeta,1 aprox, 366.98 ,OK
181,77,4,4,2026/02/24,1,9.48,275.62,15,Presencial,,4,617.13,Promocion
182,41,7,7,2026-01-28,3,9.69,,12,App,TaRjEtA,2,694.31,OK
183,53,6,4,2026-03-10,3,4.33,215.96,5,Telefono,Tarjeta,1,455.92,cliente frecuente
184,27,8,3,2026-06-01,2,5.08,"111,57",12,Presencial,,3,363.98,Promocion
185,74,5,7,2026-02-12,7,11.6,143.51,5,Presencial,Plin,2,669.53,Cliente frecuente
186,68,3,2,2026-03-16,5,4.05,182.15,0,WHATSAPP,Tarjeta,3 aprox,437.31 aprox,Promocion
187,48,8,6,2026-06-21,7,3.77,111.57,0,Presencial,Efectivo,1, 333.18 ,
188,17,9,2,2026-03-09,8,2.36 aprox,"482,37",5,web,Tarjeta,5,562.06,OK
189,59,4,3,28-03-2026,7,8.04,275.62,10,WHATSAPP,Efectivo,4,660.91,Revisar
190,34,4,6,2026-03-24,8,"3,87",275.62,0,WhatsApp,Transferencia,3,514.08,Revisar
191,27,7,1,2026-06-06,7 aprox,4.7,306.55,15,WhatsApp,Transferencia,2,592.84,Promocion
192,10,1,2,2026-03-13,1,4.4,90.23,15,Web,Efectivo,1,306.19,OK
193,10,3,5,2026-03-09,6,10.53,182.15,5,Web,Transferencia,1,665.12,Cliente frecuente
194,45,9,3,2026-02-18,2,,482.37,0,App,Yape,4,717.01,PrOmOcIoN
195,85,9,1,2026-01-18,8,8.44,482.37,0,App,Yape,5,796.83,OK
196,49,3,2,2026-06-25,2,10.22,182.15,5,WhatsApp,Transferencia,4,579.95,Cliente frecuente
197,13,1,2,2026-02-03,6,8.39,90.23,15,WhatsApp,Transferencia,2,420.53,Cliente frecuente
198,62,6,2,2026-02-08,8,1.56,215.96,0,presencial,Transferencia, 5 ,372.5,Cliente frecuente
199,23,7,1,2026-02-14,2,9.44,306.55,20,Web,Plin, 1 ,661.33,OK
200,69,4,4,15/04/2026,4,10.47,275.62,8,WhatsApp,Plin,4,755.4,Revisar
201,6,4,7,2026-05-01,5,10.99,275.62,0,  App ,Plin,3,,
202,27,2,3,2026-06-03,2,4.46,77.01,8,Web,Efectivo,1,293.75 aprox,OK
203,35,2,6,2026-05-17,1,3.92,77.01,0,Telefono,Efectivo,4,251.79,PROMOCION
204,39,7,1,2026-03-05,7,3.8,306.55,0,App,Transferencia,1,533.95,
205,70,8,3,2026-03-21,2,7.31,111.57,0,Telefono,Plin,5,455.72,
206,77,2,3,2026-05-16,2,11.68,"77,01",15,App,Tarjeta,2,585.16,Promocion
207,81,9,3,,8,7.55,482.37,0,WhatsApp,Tarjeta,,785.99,Revisar
208,52,3,4,2026-05-05,4,10.56,182.15,0,App,Yape,5,578.96,
209,38,8,6,2026-05-18,4,5.82,111.57,0,Presencial,Tarjeta,5,400.63,
210,1,6,5,2026-03-05,3,8.53,215.96,5,WhatsApp,Plin,3,574.46,Promocion
211,60,8,2,2026-02-27,6,11.27,111.57,0,telefono,Plin,5,633.86,OK
212,69,9,3,2026-03-13,7,9.18,482.37,20,Telefono,Yape,1,917.43,cliente frecuente
213,2,6,2,2026-01-06,5, 1.81 ,215.96,10,App,Plin,5,331.51,OK
214,18,2,5, 2026-05-07 ,6,5.81,77.01, 8 ,WhatsApp,Yape,2,412.3,Cliente frecuente
215,7,5,7, 2026-06-16 ,7,2.79,143.51,12,WhatsApp,Transferencia,4,373.39,ok
216,82,3,6,2026-06-23,1, 7.31 ,182.15,15,PRESENCIAL,Efectivo,1,388.28,
217,30,6,7,2026-05-17, 1 ,11.68, 215.96 ,0,WhatsApp,Tarjeta,1,611.75,
218,17,7,6,2026-03-14,2,31.99,306.55,8,App,Transferencia,3,1508.88,OK
219,26,8,7,08/05/2026,4,2.13,111.57,0,App,Yape, 2 ,250.56,cliente frecuente
220,5,1,7,2026-01-10,7, 5.84 ,90.23,5,Telefono,Tarjeta,2,379.53,OK
221,80,8,7,2026-04-12,8,9.72,111.57,0,telefono,Efectivo,3,576.02,Cliente frecuente
222,13,5,6,2026-04-21,8,8.62,143.51,15,whatsapp,Tarjeta,1,1713.76,OK
223,54,6,6,2026-06-21,3,3.67,215.96,0,App,Transferencia,2,370.91,OK
224,28,1,2,2026-04-17,1,6.79,90.23,20,Web,Plin,4,421.02,OK
225,54,4,7,2026-02-20,8 aprox,6.47,"275,62",10,Presencial,Tarjeta,2,628.62 aprox,Revisar
226,9,2,2,2026-02-17,3,4.73,77.01,10,Presencial,Yape,5,297.52,Revisar
227,84,8,4,2026-03-24,8,8.58,111.57,12,Presencial,Efectivo,,619.88,Revisar
228,63,7,2,18-04-2026,8,3.6,306.55,15,Web,Tarjeta,3,453.38,OK
229,55,2,3,08/01/2026,5,0.73,77.01,0,WhatsApp,Efectivo,2,"200,5",OK
230,4,6,1,2026-05-04,7,"11,78",215.96,20,Telefono,Tarjeta,5,734.16,Promocion
231,75,5,5,2026-03-28,6,10.02,143.51,10,Web,Transferencia,3,648.89,Revisar
232,83,9,5,,5,9.43,482.37,15,Presencial,Yape,5,855.46,Revisar
233,46,7,7,2026-03-19,3,6.52, 306.55 ,0,  App ,Plin,3,549.34,Promocion
234,75,4,7,2026-01-24,8,9.52,275.62, 12 ,WhatsApp,TaRjEtA,2,711.81,Revisar
235,37,5,7,2026-06-03,5,7.46,143.51,20,telefono,Transferencia,1,537.04,Revisar
236,64,9,4,2026-04-20,5,9.6,482.37 aprox,8,App,Plin,4,777.26,
237,7,8,5,2026-05-10,1,"7,53",111.57,15,Web,Plin,1,"457,15",
238,4,6,1,2026-05-04,7,"11,78",215.96,20,Telefono,Tarjeta,5,734.16,Promocion
239,35,3,1,2026-04-05,4,1.33,182.15,15,Presencial,Yape,2,S/ 278.88,Promocion
240,79,3,5,2026-05-12,8,10.65 aprox,182.15,0,WeB,Yape,5,664.18,OK
241,26,2,7,2026-01-18,6,10.74,77.01,0,Telefono,Yape,2,S/ 597.46,
242,76,8,2,2026-06-15,6,1.6,111.57,15,WhatsApp,Efectivo,3,261.81,Revisar
243,70,8,3,2026-05-23,3,0.71 aprox,111.57,8,Web,  Plin ,4,226.23 aprox,Promocion
244,63,5,6,2026-02-19,3,7.68,143.51,12,Presencial,Tarjeta,3,477.31,OK
245,66,4,2,2026-06-02,1,10.78,275.62,15,Telefono,TARJETA,1,638.77,Promocion
246,50,9,6,22/02/2026,2,10.21, 482.37 ,20,Telefono,,1,812.34,Revisar
247,26,4,4,2026-05-09,5,7.06,275.62,10,App,Tarjeta,2,557.02,
248,71,5,5,2026-01-06,6,6.36,143.51,0,Telefono,Yape,1,462.18,Promocion
249,70,7,7,2026-06-14,7,0.92,306.55,8 aprox,Telefono,Transferencia,1,383.38,Revisar
250,3,4,5,2026/04/21,4, 4.9 ,275.62,15,WhatsApp,Tarjeta,3,494.37,Revisar
251,12,2,3,2026-02-01,4,0.68,77.01,20,App,Tarjeta, 1 ,180.29,Promocion
252,43,6,1,2026-03-06,5 aprox,1.2 aprox,215.96,0,WhatsApp,Yape,4 aprox,337.55,
253,9,9,3,2026-02-19,1,3.05,482.37,5,Telefono,Efectivo,4,581.23,OK
254,27,8,1,2026-01-14,1,10.48,111.57 aprox,20,Telefono,Yape,1,563.28,Cliente frecuente
255,43,3,7,,7,2.21,182.15,0,Telefono,Tarjeta,5,414.63,
256,52,6,5,2026-03-26, 2 ,6.81,215.96,20,App,Tarjeta,2,425.69,Cliente frecuente
257,65,1,1,2026-04-27,2,4.43 aprox,90.23,0,WhatsApp,Efectivo,1,319.82,OK
258,37,5,5,2026-01-02,7,5.59, 143.51 ,20,Presencial,Yape,1,452.65,PrOmOcIoN
259,26,6,4, 2026-01-15 ,8,8.9,,0,WHATSAPP,Efectivo,2,596.57,Promocion
260,57,9,7,2026-03-08,6,11.94,482.37, 20 ,Presencial,Tarjeta,2,944.22,Promocion
261,24,6,3,2026-02-25,7,"6,82",215.96,20,  App ,Plin,5,512.06,
262,73,4,5,02/03/2026,6,9.81,275.62,0,WhatsApp,Efectivo,1,674.66,Promocion
263,55,3,3,2026-03-09,7,1.46 aprox,182.15,5,Web,Yape,4,368.25,
264,32,5,1,2026-03-25,1,10.46,143.51,0,App,Yape,3,548.46,OK
265,3,5,2,2026-04-15, 2 ,8.17,S/ 143.51,0,App,Transferencia,4,516.86,   
266,17,9,2,2026-03-09,8,2.36 aprox,"482,37",5,web,Tarjeta,5,562.06,OK
267,29,9,7,2026-06-14,4,8.97, 482.37 ,0,  App ,PlIn,2,785.14,Cliente frecuente
268,78,8,2,2026-05-04,4,3.32,111.57,15,Presencial,Tarjeta,1,277.59,Promocion
269,24,1,6,2026-06-11,6,11.81,90.23,20,Telefono,Transferencia,3 aprox,590.53,OK
270,54,3,5,2026-02-14,7,12.17,182.15,8,App,Plin,2,710.51,
271,24,2,6,2026-02-27,8,"1,61", 77.01 ,0,App,Plin,3,,
272,54,6,7,2026-03-19,6,5.28,215.96,0,WhatsApp,Efectivo,5,481.68,
273,30,7,6,2026-02-06,8,11.75,306.55,0,WhatsApp,Plin,5,848.87,
274,47,8,3,2026-05-13, 5 ,7.92,111.57,12,WhatsApp,Tarjeta,3,447.18,Revisar
275,73,3,5,2026-04-27,2,4.03,182.15,15,Telefono,Plin,4,302.68,promocion
276,59,5,3,2026-02-21,2,2.18,143.51,0,Presencial,Plin,2,236.98 aprox,Revisar
277,30,4,2,2026-06-19,3,6.13,275.62,10,WhatsApp,Plin,2,517.17,Revisar
278,62,6,2,2026-02-08,8,1.56,215.96,0,presencial,Transferencia, 5 ,372.5,Cliente frecuente
279,72,7,1,2026-05-18,5,"6,83",306.55,20,App,Yape,3,562.98,Revisar
280,62,7,7,2026-01-02,3,9.54,306.55,0,WhatsApp,Efectivo,2,685.33,Cliente frecuente
281,43,7,2,2026-01-06,2,1.08,306.55,10,Presencial,Yape,5,321.13,
282,14,4,4,2026-04-18,7,"0,69",275.62,5,Telefono,Efectivo,4,411.03,Promocion
283,62,1,1,2026-06-21,3,6.49,90.23,,Web,,5,395.7,OK
284,69,7,6,2026-04-24,5,11.73,306.55,8,Web,Transferencia,3,853.38,Promocion
285,75,4,4,2026-05-24,3,3.32,275.62,20,Presencial,Plin,3,410.42,Cliente frecuente
286,83,2,3, 2026-01-06 ,1,5.93 aprox,"77,01",20 aprox,App,Transferencia,2,328.22,Revisar
287,58,6,6,2026-04-28,2 aprox,9.83,215.96,5,presencial,Yape,4,611.88,Revisar
288,49,1,4,15-04-2026,7,8.78 aprox,90.23,0,Web,PlIn,4,540.74,
289,78,8,3,04/03/2026,4,6.16,111.57,0,WeB,Efectivo,2,442.18,Revisar
290,37,5,4,09/03/2026,8 aprox,3.74,143.51,5,WhatsApp,Tarjeta,1,368.31,
291,18,6,1,2026/06/18,2,11.49,215.96,8,WEB,Efectivo,4,682.91,Revisar
292,5,9,6,2026/01/19,6,11.7,,0,Presencial,TARJETA,3,857.86,  Revisar 
293,9,4,5,2026-03-15,4,4.14,275.62,0,Web,Yape,5,444.61,OK
294,69,2,3,2026-02-05,3,2.89,77.01,5,WhatsApp,Efectivo,5,,Cliente frecuente
295,50,6,6,2026-04-09,1,"2,12",215.96,0,WhAtSaPp,Tarjeta,5 aprox,,revisar
296,31,1,5,2026-02-05,8,7.82 aprox,90.23,5,Telefono,Transferencia,4,513.49,Promocion
297,57,9,4,2026/03/23,7,6.27,482.37,15,Presencial,Transferencia,2,"681,42",Promocion
298,17,2,7,2026-01-23,2 aprox,0.74,77.01,12,Web,Transferencia,3,199.43,Promocion
299,49,4,6,2026-05-26,1,5.28,275.62, 5 ,Telefono,Yape,1,426.87,
300,18,8,2,2026-05-07,6,10.57,111.57,0,Telefono,Plin,2,596.57,
301,6,4,6,2026-01-28,2,7.71 aprox,275.62,0,Telefono,Tarjeta,1, 590.6 ,OK
302,38,4,3,2026-02-04,5,9.07,275.62,8,Telefono,,2,733.16,Revisar
303,21,1,4,2026-06-18,3,3.62 aprox,90.23,15,TeLeFoNo,Efectivo,,216.94,Promocion
304,69,2,5,2026-05-24,2,6.21,77.01,20,App,Transferencia,4,356.33,
305,71,1,7,2026-06-03,3,6.81,S/ 90.23,0,Web,Efectivo,5,396.53,Cliente frecuente
306,2,4,7,2026-06-13,5,6.79,"275,62", 8 ,Presencial,Yape,5,627.14,
307,15,2,6,2026-05-10,2,4.44,77.01,10,Telefono,transferencia,2,335.99,
308,75,4,2,2026-03-20,7,8.99,275.62,12,App,  Tarjeta ,1,665.4,Revisar
309,61,3,3,2026-05-23,2 aprox,4.38,182.15 aprox,0,Presencial,Efectivo,1,337.33,OK
310,57,9,2,2026/06/22,2,9.72,482.37,12,Web,Yape,2,730.92,OK
311,56,2,7,2026-01-23,6,0.53,S/ 77.01, 0 ,WhatsApp,,,224.5,Cliente frecuente
312,36,6,1,2026-04-27,,1.99,215.96,12,WhatsApp,Transferencia,2,285.5,
313,5,1,3,2026-01-16,6,9.82,90.23,10,TeLeFoNo,Yape,2,597.44,Revisar
314,34,3,1,2026-05-05,3,10.86, 182.15 ,0,Presencial,Transferencia,1,656.78,OK
315,74,3,7,2026-01-17,,5.05,182.15,0,WhatsApp,TARJETA,3,381.37,Promocion
316,32,4,1,2026-06-25,7,10.87,275.62,12,WhatsApp,Yape, 2 ,849.63,
317,24,6,1,2026-06-02,7,8.51,215.96,0,,Plin,1,669.64,Cliente frecuente
318,78,6,5,2026-02-03,3, 1.8 ,215.96,5,WeB,Efectivo,,325.54,Cliente frecuente
319,3,7,5,2026-06-15,,2.15,,,App,Transferencia,4,432.8,Cliente frecuente
320,84,9,5,2026-01-09,5,4.42,482.37,15,Web,,5,595.67,Revisar
321,79,4,6,2026-06-20,6,0.64,275.62,8,WeB,YaPe,2,319.72,
322,46,2,2,2026-03-28,2,"9,85",77.01 aprox,0 aprox,Presencial,Yape,2,S/ 532.8,Promocion
323,6,8,1,2026-02-12,4,2.85,111.57,,app,  Yape ,2,351.22,Revisar
324,30,1,6,2026-03-25,4,4.76,90.23,10,Web,transferencia,5,299.66 aprox,Revisar
325,77,3,7,08/04/2026,7,10.7,182.15,0 aprox,Web,efectivo,1,715.71,OK
326,32,8,5,2026-02-28,7,10.36,111.57,0,TeLeFoNo,Plin,3,667.43,Promocion
327,67,4,6,2026-05-23,8,10.91,"275,62",10,Presencial,Yape,5,764.3,Revisar
328,59,2,3,2026-06-03,7,1.18,77.01,20,  App ,Transferencia,5,318.4,
329,50,8,6,2026-06-25,1,5.39,111.57,0 aprox,Web,Transferencia,5,357.02,Cliente frecuente
330,19,2,1,2026-02-04,4,11.54,77.01,20,App,Tarjeta,3,627.37,
331,59,7,6,22-04-2026,2,0.62,306.55,15,WhatsApp,PLIN,3,232.07,Promocion
332,27,9,3,2026-02-27,4 aprox,8.26,482.37,15,Web,Yape,5,2691.25,Revisar
333,62,9,5,2026-02-02,4,8.77,482.37,20,Telefono,Tarjeta,5,798.92,Cliente frecuente
334,12,1,2,2026-03-28,7,6.38,90.23,0,Web,Yape, 2 ,476.46,OK
335,79,3,6,2026-05-11,4,7.51,,0,WhatsApp,Plin,5,490.14,
336,37,4,2,2026-02-06,4,11.57,275.62,8,WhatsApp,Transferencia,3,759.59,
337,58,4,4,2026-06-08,4,5.37,275.62, 0 ,App,Plin,4,546.42,Cliente frecuente
338,82,2,7,10/03/2026,6, 3.8 ,"77,01",5,Web,Efectivo,5,292.19,
339,23,7,5,2026-06-16,5,8.98, 306.55 ,10,,Tarjeta,4,742.68,Promocion
340,36,5,6,2026-04-04, 3 ,1.88,143.51,10,Web,Tarjeta,1,294.85,ReViSaR
341,28,7,2,15-03-2026,3,8.43,306.55,5 aprox,web,Plin,4,"680,77",
342,40,7,6,2026-04-28, 6 ,8.46,306.55,20,Presencial,Yape,3,667.03,cliente frecuente
343,46,8,4,2026-05-11,4,6.17,111.57,,Presencial,YaPe,1,391.05,Cliente frecuente
344,2,5,5,2026-04-09,5,9.47,143.51 aprox,15,App,Yape,,569.4,Revisar
345,12,6,6,2026-02-18,4,9.64,,0 aprox,,Plin,1,668.64,Promocion
346,44,1,1,2026-04-21,2,2.24,90.23,5,  App ,Plin,1,202.99,Revisar
347,44,8,1,2026-02-01,5,,111.57,0,Web,Tarjeta,2,581.77,Promocion
348,2,7,4,2026-05-05,2,10.98,306.55,15,App,Tarjeta,2,701.96,
349,78,6,4,2026-06-12,7,8.99,S/ 215.96,10,App,Efectivo,4,630.03 aprox,Cliente frecuente
350,32,7,3,2026-06-15,5,6.32,,8,  Presencial ,TRANSFERENCIA,2,600.46,Promocion
351,21,4,7,2026-04-16,5,5.58,275.62,8,Telefono,Yape,4,477.59,Cliente frecuente
352,9,2,3,2026-03-10,5,7.0,77.01,10,Web,Efectivo,1,432.53,Promocion
353,15,1,6,2026-05-28,3 aprox,6.88,90.23,5,presencial,Plin,4,453.21 aprox,
354,70,2,1,2026-05-17,3,4.04,77.01,0,  App ,Yape,5,243.34,
355,36,6,1,2026/04/10,4,11.7 aprox,215.96,20,,Plin,2,608.22 aprox,
356,78,4,5,2026-06-14,8,1.11,275.62,0,Presencial,Efectivo,4,464.29,
357,10,2,1, 2026-06-16 ,5,4.1,77.01,8,PrEsEnCiAl,,4,274.82,Cliente frecuente
358,23,4,2,2026-06-28,2,10.82,275.62, 10 ,App,Transferencia,4,601.02,
359,66,4,6,2026-06-16,6,10.17,275.62 aprox,15,App,Tarjeta,3,716.34,Revisar
360,61,2,5,2026-06-07,4,"2,26",77.01,0,Presencial,Transferencia,5,245.18,OK
361,36,1,3,2026-04-04,2,4.12,90.23,10,Web,Tarjeta,1,"310,07",Cliente frecuente
362,16,6,4,2026-05-14,3,8.56,215.96,12,WhatsApp,Tarjeta,5,577.9,Promocion
363,16,1,6,2026-01-01,4,6.47,90.23,15,Presencial,transferencia,2,365.28,
364,18,4,5,2026-03-15,4,11.39,275.62,0,WhatsApp,  Plin ,3,"780,7",Revisar
365,53,1,4,2026-04-28,,,90.23,5,Telefono,Tarjeta,1,658.96,OK
366,47,3,6,2026-04-13,7 aprox,9.26,182.15,,Presencial,Tarjeta,2,641.42,Promocion
367,65,5,1,2026-02-09,6,"9,55",143.51,8,App,Tarjeta, 3 ,611.48,  OK 
368,7,3,3,2026-05-16,2,9.52,,12,Presencial,Yape,2,570.48,  Promocion 
369,47,5,4,2026-02-13,4,9.21,143.51,15,App,Efectivo,2,562.79,
370,29,5,5,2026-01-03,5,8.26, 143.51 ,8,App,Yape,1,587.68,  Cliente frecuente 
371,44,4,4,2026-01-06,8,"9,98",275.62,5,Web,Tarjeta,1,741.55,
372,41,4,6,2026-03-07,6,7.08,275.62,8,,Tarjeta,5,602.29,OK
373,77,1,4,2026-06-04,7,2.47,90.23, 0 ,Web,Transferencia,5,,OK
374,43,2,7,2026-02-25,2,4.68,77.01,0,Presencial,  Tarjeta ,3,305.44,Cliente frecuente
375,46,9,1,2026-03-08,6,4.75,,5,Telefono,Plin,,587.67,OK
376,50,5,6,2026-05-10,6,0.82,143.51,10,Web,,5,286.04,Revisar
377,78,3,3,2026-03-24,7,0.62,182.15 aprox,12,Presencial,,5,1151.96,OK
378,1,9,4,2026-05-15,7,2.55,S/ 482.37,5,Presencial,Plin,5,560.04,OK
379,20,2,4,2026-05-28,8,3.16,77.01, 15 ,Presencial,Transferencia,1,395.83,Revisar
380,14,6,4,2026-03-16,1,6.17,215.96,,App,Efectivo,1,475.36,revisar
381,50,2,3,2026-05-05,3,"7,14",77.01, 0 ,Web,TARJETA,5,412.33,Revisar
382,28,5,6,2026-04-27,8,"6,73",143.51,8,App,TrAnSfErEnCiA,5,513.41,Promocion
383,77,8,1,2026-05-12,3,3.67,111.57,5,Web,efectivo,4,313.03,
384,69,7,4,2026-05-25,5 aprox,7.42,306.55,12,WhatsApp,Tarjeta,5,622.31,OK
385,46,6,3,2026-04-08,4,6.63,215.96,0,Presencial,Efectivo,2,519.13,
386,47,5,4,2026-04-03,6,0.62,143.51,5,Presencial,Efectivo,1,S/ 311.22,OK
387,19,5,2,2026-04-10,7,8.66,143.51,5,  Presencial ,Transferencia,5,610.9,Revisar
388,20,3,3,2026-06-21,4,11.15,182.15,12,WhatsApp,Tarjeta,3,667.83,
389,58,3,6,2026-03-15,,2.4,182.15,0,Web,Tarjeta,4,237.2,OK
390,54,1,5,2026-02-17,1,10.55,90.23,0,Web,Efectivo,3,547.41,Revisar
391,24,1,2,2026-06-01,8,3.11,90.23,12,WEB,Tarjeta,2,344.37,OK
392,48,4,7,2026-05-14,2,0.84,275.62,0,App,Plin, 5 ,352.3,
393,21,6,6,2026-04-02,6,"6,57",215.96,0,Presencial,Yape,2,577.05,Cliente frecuente
394,47,1,3,,2,"34,47",90.23,20,WhatsApp,Tarjeta,2,1413.64,
395,20,6,4, 2026-03-05 ,2,11.48,S/ 215.96,15,WhatsApp,Tarjeta,5,723.54,Revisar
396,37,8,7,2026-04-21,6,9.37,S/ 111.57,12,WhatsApp,Transferencia,3,563.91,Promocion
397,52,1,4,2026-05-04,1,8.25,90.23,0,Telefono,Tarjeta,2,S/ 468.9,
398,60,1,5,2026-05-13,8,1.45,90.23, 12 ,WhatsApp,Efectivo,2,290.94,Cliente frecuente
399,40,4,2,2026/03/16,7,6.92,275.62,12,Presencial,Yape,,647.68,Promocion
400,51,8,6,13/01/2026,5,2.91,111.57, 0 ,Telefono,Efectivo,5,317.46,
401,69,6,3,2026-03-04,4,10.25 aprox,215.96 aprox,15 aprox,web,Plin,4,691.96,Promocion
402,83,4,4,2026-05-18,1,3.93,275.62,20,Telefono,Transferencia,4,378.49,Cliente frecuente
403,72,9,3,2026-01-13,5,3.78,482.37,0,App,Plin,5,629.43,
404,32,5,5,2026-04-24,2,9.2,143.51,0,WhatsApp,Plin,5,472.95,Promocion
405,5,9,7,2026-06-21,6,10.48,482.37,0,Presencial,  Efectivo ,4,880.09,OK
406,21,3,2,2026-04-02,1,11.32,182.15,0,Telefono,Yape,2,585.57,Promocion
407,43,3,2,2026-05-08, 4 ,5.64,182.15,0,Web,Efectivo,3,471.33,Cliente frecuente
408,24,1,1,2026-03-19,5,3.89,,20,Presencial,Transferencia,5,320.75,Cliente frecuente
409,55,7,1,2026-01-04,5,4.71,306.55,10,Telefono,Yape,2, 468.37 ,
410,6,7,4,2026-04-02,2,,306.55,15,Presencial,Transferencia,4,402.3,
411,34,6,2,2026-05-10,3,9.01,215.96,20,App,TRANSFERENCIA,2,556.39,Revisar
412,65,1,7,2026-01-23,8,7.59,90.23,12,Telefono,Plin,5,471.66 aprox,Cliente frecuente
413,57,9,7,2026-05-05,7,9.56,482.37,10,WhatsApp,yape,5,884.01,Cliente frecuente
414,83,4,3,2026-05-08,3,2.56,275.62,12,APP,Efectivo,4,418.01,PrOmOcIoN
415,39,6,7,2026/05/20,5,8.32,215.96,0,Web,Tarjeta,1,552.73,OK
416,70,5,3,2026-04-01,7,6.54 aprox,143.51,10,  Presencial ,,,517.03,OK
417,37,5,2,2026-04-22,5,2.27,143.51,8,App,TRANSFERENCIA,2,340.04,
418,24,2,5,2026-04-05,1,1.88,77.01,8,App,Tarjeta,3,224.36,OK
419,37,1,1,2026-02-22,6,7.42,90.23,20,  Presencial ,Tarjeta,3,S/ 433.31,Revisar
420,27,7,3,2026-02-19,5,7.8,306.55,0,Telefono,Transferencia,5, 621.83 ,Cliente frecuente
421,70,8,6,2026-02-21,5,5.56,111.57,0,WhatsApp,Transferencia,4,457.92,  Cliente frecuente 
422,25,9,3,2026-01-16,6,3.61,482.37,0,WhatsApp,Yape,3,621.99,Promocion
423,45,7,7,2026-06-27,1,4.57,,5,APP,Efectivo,3,445.71,OK
424,22,8,3, 2026-06-03 ,5,3.85,111.57,0,,Transferencia,2,361.87,OK
425,72,8,4,2026-03-23,4,10.51,111.57,,Web,Transferencia,2,584.22,
426,57,7,1,2026-03-13,8,11.67,306.55,0,App,YaPe,2,770.32,
427,67,4,7,2026-03-20, 7 ,4.0,275.62,0,Presencial,Tarjeta,2,499.99,OK
428,17,8,4,2026-03-08,6,6.37,"111,57",10,WhatsApp,Transferencia,2,S/ 470.73,
429,71,9,4,2026-05-04,6,10.51,482.37,20,,,,891.56,Revisar
430,20,4,5,2026/04/11,5,7.53,275.62,20 aprox,WhatsApp,Efectivo,2,579.31,Revisar
431,43,3,4, 2026-01-15 ,5,8.29,182.15,15,Presencial,  Transferencia ,2,541.08,
432,62,6,5,2026-01-16,7,6.89,215.96,20,Presencial,TRANSFERENCIA,2,560.93,Cliente frecuente
433,25,8,6,2026-06-16,1,0.99,111.57,5,WhatsApp,TRANSFERENCIA,5,,Promocion
434,77,2,7,08/02/2026,8,5.5,"77,01",0,WhatsApp,Tarjeta,5,404.99,
435,48,6,7,2026-06-19,4,9.49 aprox,215.96,0,Telefono,YaPe,3,603.26,Promocion
436,42,1,1,2026-06-07,8,5.94,90.23 aprox,0,WhatsApp,Transferencia,5,471.93,Cliente frecuente
437,25,2,7,2026-06-04,4, 5.16 ,77.01,15,Presencial,  Efectivo ,5,1136.61,  Promocion 
438,8,3,2,2026-01-28,8,10.21,182.15,12,WhatsApp,Transferencia,,675.47,
439,40,6,1,2026-03-04,,10.46,215.96,0,App,EFECTIVO,3,640.22,OK
440,48,7,5,2026-01-18,3,5.74,306.55,12,Presencial,Plin,2,532.63,Cliente  frecuente
441,19,6,3,2026-05-04, 7 ,3.07,215.96,15,Telefono,Transferencia,1,422.45,Revisar
442,25,9,3,2026-01-16,6,3.61,482.37,0,WhatsApp,Yape,3,621.99,Promocion
443,76,6,1,2026-05-19,1,11.54,215.96,12,Telefono,Efectivo,1,S/ 651.06,Revisar
444,36,2,3,2026-04-05,6,6.66,77.01,8,Telefono,YaPe,3,412.57,Revisar
445,45,6,7, 2026-06-07 ,5,10.88,215.96,5,App,  Transferencia ,3,717.75,OK
446,7,1,6,2026-01-25,7,44.53,90.23,0,WeB,Tarjeta,1,1919.05,Promocion
447,15,1,2,2026-04-20,6,8.23,90.23,0,WhatsApp,Tarjeta,5,500.76,OK
448,65,1,1,2026-05-17,8,1.19,90.23,0,Telefono,Yape,1,342.3,Cliente frecuente
449,19,3,4,2026-05-23,1,0.8,182.15,12,Web,Yape,4,221.79,OK
450,76,3,3,2026-02-11,3,4.29,182.15,5,WhatsApp,Transferencia,2,348.78,Promocion
451,13,4,3,2026-02-06,3 aprox,10.94,275.62,15,WhatsApp,Plin, 4 ,675.01,
452,63,7,6,2026-03-19,1,3.26,306.55,15,Web,Tarjeta,,399.39,OK
453,13,7,4,2026-04-25,8,10.63,306.55,0,WhatsApp,Transferencia,5,787.72,
454,26,9,1,2026-03-15,2,1.56,482.37,8,Telefono,Tarjeta,4,437.45,Promocion
455,1,1,2,2026-05-12,7,,90.23,8,Presencial,Efectivo,1,"294,16",Cliente frecuente
456,58,6,6,2026-03-15,8,7.72,215.96,0,App,Plin,4,623.11,Revisar
457,3,7,7,2026-04-09,6,4.86,S/ 306.55,0,App,transferencia,5,553.35,Revisar
458,48,7,7,2026-03-28,6,3.38,306.55,5,WhatsApp,Yape,1,453.02,ok
459,42,7,1,2026-04-07,6,11.16,306.55,0,App,Yape,1,733.3,Revisar
460,9,5,2,,2, 5.61 ,143.51 aprox,15,Telefono,,2,451.64,Revisar
461,67,1,3,2026-03-03,2,3.35,90.23,0,App,YaPe,4,277.13,Promocion
462,54,5,5,2026-05-06,7,9.55,143.51,10,web,Yape,2,602.31,Cliente frecuente
463,3,7,2,2026-02-13,3,10.04,306.55,0,Telefono,TRANSFERENCIA,3,670.93,
464,84,9,1,2026-06-14,1, 3.62 ,482.37,5,WhatsApp,plin,,475.08,Revisar
465,74,3,6,2026-01-25,2,8.01,182.15,0,WhatsApp,Tarjeta,2,576.12,
466,29,7,3,2026-04-22,5,0.65,306.55,15,Presencial,Transferencia,1,363.71,
467,52,9,7,2026-01-20,6,1.62,482.37, 15 ,Web,Yape,5,514.06,OK
468,48,3,7,2026-03-26,1,2.31,182.15,15,WhatsApp,Tarjeta,2,313.74,Revisar
469,51,3,4,2026-01-06,4,6.05,182.15, 0 ,APP,Tarjeta,1,432.15,
470,52,6,6,27/06/2026,4 aprox,8.48,215.96,0,WhatsApp,Plin,3, 588.71 ,Promocion
471,79,8,2,2026-06-10,5, 8.61 ,S/ 111.57,0,WhatsApp,Efectivo,2,1931.45,Promocion
472,68,5,6,2026-06-07,3,1.05,143.51,20,WhatsApp,Transferencia,5,216.32,ReViSaR
473,46,4,4,2026-01-08,6,10.62,"275,62",10,App,  Efectivo ,5,743.24,OK
474,24,4,3,2026-05-27,2,2.94,275.62,10,WhatsApp,Yape,,388.32,OK
475,76,1,7,2026-04-12,8,10.86,90.23,10,WhatsApp,Transferencia,5,687.82,Revisar
476,28,7,5,,1,6.35,306.55,0,App,Tarjeta,2,536.87,Cliente frecuente
477,22,7,1,2026-05-13,8,,306.55,0,TELEFONO,Efectivo,3,648.97,OK
478,20,8,3,06-05-2026,7,4.25,111.57,0,Web,Transferencia,2,407.12,Cliente frecuente
479,70,7,4,, 2 ,0.66,306.55,0,WeB,Efectivo,2,303.41,CLIENTE FRECUENTE
480,11,2,6,2026-02-17,6,9.08,77.01,0,App,Transferencia,4,543.65,OK
481,24,4,5,2026-01-21,2,"6,12",275.62,0,TeLeFoNo,Efectivo,2,495.32,
482,41,9,5,2026-03-10,2,8.58,482.37,0,,Plin,3,795.32,Cliente frecuente
483,60,2,1,2026-06-27,4,2.71,77.01,0,WhatsApp,Plin,1,238.73,
484,17,2,3,2026-05-08,2,9.58,77.01,0,Web,Transferencia,2,515.17,OK
485,3,1,5,2026-05-16,7,2.12,90.23,8,Presencial,Plin,2,257.52,OK
486,15,4,7,2026-03-02,,2.36,275.62,5,WhatsApp,Yape,1,423.76,revisar
487,48,4,2,2026-04-25,5,2.05,275.62,0,App,Yape,1,404.46,
488,53,5,2,2026-06-20,8,9.3,143.51,8,WhatsApp,,4,628.89,Revisar
489,35,5,1,2026-04-06,2,6.04,143.51,0,App,Transferencia,5,415.79,Revisar
490,61,6,2,2026-06-05,4,3.0,215.96,15 aprox,,Tarjeta,4,393.04,
491,39,2,4,2026-03-28,2 aprox,4.94,77.01,10,Web,TRANSFERENCIA,2,959.87,Revisar
492,22,9,4,2026-02-18,7,8.53,482.37,8,App,Plin,5, 842.48 ,OK
493,79,7,7,2026-04-02,6,5.33,306.55,10,  Telefono ,Plin,4,561.67,Revisar
494,35,7,2,2026-01-27,1 aprox,5.82,,0,Presencial,Tarjeta,4,561.2,
495,42,8,7,,5,,111.57,5,Telefono,Transferencia,1,,Revisar
496,30,9,5,2026-03-15,8,2.44 aprox,482.37,20,Presencial,Tarjeta,3, 552.33 ,Promocion
497,42,7,5, 2026-05-13 , 1 ,7.82,306.55,20,telefono,Efectivo,1,600.0,
498,57,7,3,2026-06-23,7,11.58,306.55,10,,EFECTIVO,5,784.52,OK
499,69,2,2,2026-02-10,3,11.3,77.01,0,Presencial,Efectivo,3,620.04,REVISAR
500,7,1,1,2026-02-19,2,9.44, 90.23 ,5,App,Tarjeta,3,486.03 aprox,Revisar
