id_produccion,fecha_operacion,cantidad_jornales,hectareas,costo_insumo,descuento_pct,canal,metodo_pago,calificacion,rendimiento_kg,observacion,zonas_nombre,zonas_distrito,zonas_zona,cultivos_nombre,cultivos_categoria,cultivos_costo_insumo,parcelas_nombre,parcelas_distrito,parcelas_segmento,parcelas_fecha_registro
1,2026-03-02,3, 3.92 , 918.69 ,8,Presencial,,1,1657.91,OK,ZoNa 7,Independencia,Este,Cafe,Perenne,918.69,Carlos Campos,La Molina,Premium,2025-12-22
2,2026-05-23,4,6.21,722.17,0 aprox,Telefono,Yape,5,2124.72,Promocion,ZoNa 7,Independencia,Este,Maiz amarillo,Cereal,722.17,Raul Salazar,independencia,Nuevo,2025-01-11
3,2026/05/09,4,1.51,573.46,15,App,Plin,4,692.99,Cliente frecuente,Zona 2,Independencia,Sur,Cebolla,Hortaliza,573.46,Diego Rojas,Los Olivos,CoRpOrAtIvO,2025-04-22
4,2026-04-17,5,5.47,904.42,15,,Plin,3,1754.43,OK,Zona 1,Independencia,Este,Papa blanca,Tuberculo,904.42,Lucia Huaman,Chorrillos,Frecuente,2025-06-05
5,2026-04-06,2,"5,64",676.84,0,Telefono,Tarjeta,1,1825.65,Revisar,Zona 1,Independencia,Este,Quinua,Grano,676.84,,Callao,Frecuente,2025-04-16
6,14/05/2026,2 aprox,11.59,"664,25",12,Telefono,Transferencia,,3897.25,OK,ZoNa 7,Independencia,Este,Tomate,HORTALIZA,664.25,Valeria Castillo,San Miguel,Frecuente,2025-07-21
7,,3,1.89, 573.46 ,8,Web,Transferencia, 3 ,1021.91,,ZoNa 7,Independencia,Este,Cebolla,Hortaliza,573.46,Fiorella Cruz,La Molina,  Premium ,2025-08-01
8,2026-02-04,8,5.99,664.25,0,WhatsApp,Plin,1,2528.44,Promocion,zona 3,,Norte,Tomate,HORTALIZA,664.25,Fiorella Flores,La Molina,Frecuente,2025-12-09
9,2026-04-27,2,10.16 aprox,573.46,0,Presencial,Yape,2,3520.15,,Zona 2,Independencia,Sur,Cebolla,Hortaliza,573.46,Marco Soto,Miraflores,Frecuente,19/04/2025
10,2026-02-07,6,8.93,S/ 1637.63,5,WhatsApp,TARJETA,2,3190.01,cliente frecuente,Zona 5,SAN JUAN DE LURIGANCHO,Este,Arandano,Fruta,1637.63,,,Premium,2025-02-11
11,2026-01-23,7,,676.84,5,  Presencial ,  Plin , 1 ,1677.33,Revisar,Zona 2,Independencia,Sur,Quinua,Grano,676.84,Carlos Campos,La Molina,Premium,2025-12-22
12,,3, 2.09 ,S/ 1011.39,15,App,transferencia, 1 ,996.53,Revisar,Zona 5,SAN JUAN DE LURIGANCHO,Este,Cacao,Perenne,1011.39,,,Premium,2025-02-11
13,2026-02-09,8,4.42,573.46,0,Telefono,Efectivo,3,,Cliente frecuente,Zona 2,Independencia,Sur,Cebolla,Hortaliza,573.46,Diana Paredes,,Nuevo,2025-06-22
14,2026-01-04,2,10.39,664.25,0,Telefono,Efectivo,2,3579.36,,Zona 2,Independencia,Sur,Tomate,HORTALIZA,664.25,,Callao,Frecuente,2025-04-16
15,2026-06-09,3,5.24,"1011,39",0,Web,Yape,3, 1561.28 ,promocion,Zona 1,Independencia,Este,Cacao,Perenne,1011.39,Diana Torres,comas,Premium,2025-12-08
16,2026-02-15,5,6.81,,0,Presencial,Yape,1,2238.57,OK,Zona 5,SAN JUAN DE LURIGANCHO,Este,Cacao,Perenne,1011.39,Claudia Soto,Ate,Nuevo,2025-07-21
17,2026-06-07,6,0.64,1637.63,5,Telefono,Yape,2,720.25,Cliente frecuente,ZoNa 7,Independencia,Este,Arandano,Fruta,1637.63,Claudia Salazar,Independencia,  Nuevo ,15-08-2025
18,2026-06-27,7,7.86,918.69, 10 ,WhatsApp,PLIN,1,2707.56,OK,Zona 5,SAN JUAN DE LURIGANCHO,Este,Cafe,Perenne,918.69,Jose Mendoza,  Lima ,NuEvO,2025-06-25
19,2026-02-20,2,2.39,664.25,0,telefono,Tarjeta,2,1257.48,,Zona 2,Independencia,Sur,Tomate,HORTALIZA,664.25,Fiorella Flores,La Molina,Frecuente,2025-12-09
20,2026-06-27,8, 8.12 ,664.25,5,Web,Tarjeta,5,2797.76,Revisar,Zona 5,SAN JUAN DE LURIGANCHO,Este,Tomate,HORTALIZA,664.25,Diego Sayan,San Juan de Lurigancho,Frecuente,2025-05-12
21,2026-01-27,3,1.11,904.42,8,App,Tarjeta,1,383.74,,ZoNa 7,Independencia,Este,Papa blanca,Tuberculo,904.42,Luis Huaman,Ventanilla,Frecuente,2025-01-19
22,2026-03-27,1,9.82,904.42,0 aprox,Presencial,Yape,2,3428.27,Cliente frecuente,Zona 2,Independencia,Sur,Papa blanca,Tuberculo,904.42,  Pedro Soto ,Lima,Corporativo,2025-04-13
23,2026-05-08,7,5.06,664.25,0,Presencial,Tarjeta,4,1974.81,,Zona 2,Independencia,Sur,Tomate,HORTALIZA,664.25,,,Premium,2025-02-11
24,2026-05-24,5,3.85,918.69,0,Web,Efectivo,4,1303.32,,Zona 5,SAN JUAN DE LURIGANCHO,Este,Cafe,Perenne,918.69,  Pedro Soto ,Lima,Corporativo,2025-04-13
25,2026-04-18,4 aprox,1.22,573.46,20,Presencial,Plin,3,560.32,Promocion,Zona 1,Independencia,Este,Cebolla,Hortaliza,573.46,Andre Salazar,La Molina,Corporativo,2025-04-20
26,25-05-2026,7,9.34,664.25,8 aprox,Presencial,Plin,4,3000.77,,ZoNa 7,Independencia,Este,Tomate,HORTALIZA,664.25,Fiorella Flores,La Molina,Frecuente,2025-12-09
27,28-06-2026,5,4.34,722.17,0 aprox,Telefono,  Efectivo ,1,1590.32,OK,Zona 1,Independencia,Este,Maiz amarillo,Cereal,722.17,Diana Torres,comas,Premium,2025-12-08
28,2026-04-16,6,8.38,918.69,5,WhAtSaPp,Yape,2,3024.5,,Zona 1,Independencia,Este,Cafe,Perenne,918.69,Marco Soto,Miraflores,Frecuente,19/04/2025
29,2026-03-20,7,6.38 aprox,573.46,10,Presencial,Efectivo,5,2168.54,Revisar,  Zona 4 ,Lima,Norte,Cebolla,Hortaliza,573.46,Claudia Paredes,ventanilla,Frecuente,2025-03-10
30,,5,"6,76",573.46,0,TELEFONO,Yape,4,2351.18,Revisar,  Zona 4 ,Lima,Norte,Cebolla,Hortaliza,573.46,,,Premium,2025-02-11
31,27-01-2026,5,11.56,664.25,15,App,Efectivo,1,3560.3,,Zona 1,Independencia,Este,Tomate,HORTALIZA,664.25,Diego Sayan,San Juan de Lurigancho,Frecuente,2025-05-12
32,25-06-2026, 4 ,15.22,722.17,5,WhatsApp,Tarjeta,1,5441.56,Promocion,zona 3,,Norte,Maiz amarillo,Cereal,722.17,Maria Flores,  Ate ,Premium,2025-03-26
33,2026-01-15,8,6.0,722.17,20,WhatsApp,Plin,1,5648.92,Revisar,  Zona 4 ,Lima,Norte,Maiz amarillo,Cereal,722.17,Diana Rojas,SaN MiGuEl,Frecuente,2025-10-07
34,2026-02-28,1,6.02,573.46,8,Presencial,Transferencia, 5 ,2364.87,Cliente frecuente,Zona 6,Villa El Salvador,SuR,Cebolla,Hortaliza,573.46,Fiorella Navarro,Ate,premium,2025-03-01
35,2026-01-13,8,6.04,664.25,8,WhatsApp,PlIn,4, 2144.55 ,Promocion,Zona 1,Independencia,Este,Tomate,HORTALIZA,664.25,Maria Flores,  Ate ,Premium,2025-03-26
36,2026-06-22,5,1.41,904.42,0,TeLeFoNo,Tarjeta,2,669.36,Cliente frecuente,Zona 5,SAN JUAN DE LURIGANCHO,Este,Papa blanca,Tuberculo,904.42,Ana Quispe,Lima,Nuevo,2025-07-05
37,2026-06-16,2,2.01,676.84,5,Web,Plin,2,635.04,,Zona 1,Independencia,Este,Quinua,Grano,676.84,camila rojas,ventanilla,Regular,2025-12-06
38,2026-06-14,3,2.29,1011.39 aprox,0,Telefono,Yape,2,842.67,,Zona 1,Independencia,Este,Cacao,Perenne,1011.39,VALERIA FLORES,La Molina,  Regular ,2025-06-10
39,2026-05-09,4,4.38,"664,25",0,Telefono,Transferencia,2,1594.47,OK,ZoNa 7,Independencia,Este,Tomate,HORTALIZA,664.25,Claudia Salazar,Independencia,  Nuevo ,15-08-2025
40,2026-05-14,2,"2,95","722,17",20,Web,Transferencia,5,999.49,,Zona 1,Independencia,Este,Maiz amarillo,Cereal,722.17,,,Premium,2025-02-11
41,2026-01-16,2,0.95,676.84,0,Presencial,,4,"410,73",,  Zona 4 ,Lima,Norte,Quinua,Grano,676.84,Elena Quispe,Los Olivos,Regular,2025-01-13
42,2026-05-14,6,7.4,664.25,10,WhatsApp,  Efectivo ,4,2556.61,OK,Zona 6,Villa El Salvador,SuR,Tomate,HORTALIZA,664.25,Lucia Cruz,La Molina,Frecuente,2025-08-25
43,2026/01/18,3,1.72,722.17,12,Telefono,Efectivo,1,873.96,Promocion,ZoNa 7,Independencia,Este,Maiz amarillo,Cereal,722.17,Elena Mendoza,La Molina,Premium,2025-03-18
44,2026-01-27,3,2.24 aprox,573.46,0,App,Efectivo,,,Promocion,Zona 6,Villa El Salvador,SuR,Cebolla,Hortaliza,573.46,Fiorella Mendoza,Callao,Corporativo,27/10/2025
45,15-04-2026,2,3.6,1011.39,0,Presencial,Yape,3,1304.64,Revisar,Zona 6,Villa El Salvador,SuR,Cacao,Perenne,1011.39,Maria Campos,lima,Regular,2025-07-17
46,2026-06-20, 4 , 10.04 ,904.42,8,WhatsApp,EFECTIVO,5,3096.75,,Zona 5,SAN JUAN DE LURIGANCHO,Este,Papa blanca,Tuberculo,904.42,carlos rojas,Villa El Salvador,  Premium , 2025-04-26 
47,2026/01/27,1,1.4,676.84,15,  Web ,Plin,3,525.99,,ZoNa 7,Independencia,Este,Quinua,Grano,676.84,raul flores,SURCO,regular, 2025-10-28 
48,2026-02-13,6,1.79,1011.39,8,App,Efectivo,5,882.21,OK,  Zona 4 ,Lima,Norte,Cacao,Perenne,1011.39,Lucia  Huaman,Los  Olivos,Corporativo,2025-05-16
49,2026-05-27,3,4.74,573.46,0,Telefono,Yape,2,1704.34,Promocion,Zona 2,Independencia,Sur,Cebolla,Hortaliza,573.46,Fiorella Sayan,Miraflores,,2025-08-04
50,2026-05-18,3,1.41,S/ 664.25,0,Presencial,Efectivo,1,571.1,Revisar,Zona 5,SAN JUAN DE LURIGANCHO,Este,Tomate,HORTALIZA,664.25,,,Premium,2025-02-11
51,2026-05-14,6,7.4,664.25,10,WhatsApp,  Efectivo ,4,2556.61,OK,Zona 6,Villa El Salvador,SuR,Tomate,HORTALIZA,664.25,Lucia Cruz,La Molina,Frecuente,2025-08-25
52,2026-02-21,5,3.04,1637.63,0,Web,Transferencia,1, 1070.97 ,Promocion,Zona 2,Independencia,Sur,Arandano,Fruta,1637.63,Valeria Soto,Ventanilla,Frecuente,2025-08-24
53,2026-06-05,5,10.11,722.17,0,PrEsEnCiAl,Yape,3,3296.12,Revisar,Zona 6,Villa El Salvador,SuR,Maiz amarillo,Cereal,722.17,Diana Torres,Villa El Salvador,Nuevo,2025-03-16
54,2026-03-04, 4 ,3.83,918.69,0,Web,Transferencia,3,1437.63,,ZoNa 7,Independencia,Este,Cafe,Perenne,918.69,Ana Castillo,Surco,Premium,2025-11-21
55,2026-04-27,3,8.98,676.84,20,App,Tarjeta,4,3069.9,Cliente frecuente,ZoNa 7,Independencia,Este,Quinua,Grano,676.84,  Pedro Soto ,Lima,Corporativo,2025-04-13
56,2026-05-23,1,5.41,1011.39,5,  WhatsApp ,Transferencia,2,1778.32,,ZoNa 7,Independencia,Este,Cacao,Perenne,1011.39,Valeria Gomez,San Juan de Lurigancho,Nuevo,2025-04-03
57,2026-06-16,6,3.09,,10,Telefono,Tarjeta,5,1447.47,Promocion,ZoNa 7,Independencia,Este,Cacao,Perenne,1011.39,Diana Paredes,,Nuevo,2025-06-22
58,2026-01-22,6 aprox,6.95,676.84,15,PRESENCIAL,Efectivo, 1 ,2414.15,ok,Zona 1,Independencia,Este,Quinua,Grano,676.84,Marco Soto,Miraflores,Frecuente,19/04/2025
59,2026-06-15,3,10.28,S/ 1637.63,5,  WhatsApp ,Efectivo,1,3658.25,,Zona 5,SAN JUAN DE LURIGANCHO,Este,Arandano,Fruta,1637.63,Camila Ramos,CoMaS,Regular,2025-09-17
60,2026/02/22,6,10.8,S/ 676.84,8,,Efectivo,3,3236.74,,  Zona 4 ,Lima,Norte,Quinua,Grano,676.84,Elena Paredes,Surco,Premium,2025-10-08
61,2026-03-10,5,3.96,676.84,0,Presencial,Plin,1,1519.27,,zona 3,,Norte,Quinua,Grano,676.84,,Callao,Frecuente,2025-04-16
62,2026-04-28,7,6.85,722.17,0,WEB,Transferencia, 4 ,2296.06,Cliente frecuente,Zona 1,Independencia,Este,Maiz amarillo,Cereal,722.17,,,Premium,2025-02-11
63,2026-01-23,3, 3.54 ,664.25,20,Web,Plin,3,1287.76,Cliente frecuente,Zona 5,SAN JUAN DE LURIGANCHO,Este,Tomate,HORTALIZA,664.25,Elena Quispe,Los Olivos,Regular,2025-01-13
64,2026-03-23,4,8.29,1637.63,20 aprox,App,Tarjeta,2,2647.11,OK,Zona 5,SAN JUAN DE LURIGANCHO,Este,Arandano,Fruta,1637.63,Maria Flores,  Ate ,Premium,2025-03-26
65,2026-03-03,3,4.16, 676.84 ,15,Telefono,Plin,3,1268.57,,  Zona 4 ,Lima,Norte,Quinua,Grano,676.84,Lucia  Huaman,Los  Olivos,Corporativo,2025-05-16
66,2026-03-05,7,,S/ 1637.63,8,App,,4,1677.94,,  Zona 4 ,Lima,Norte,Arandano,Fruta,1637.63,Maria Campos,lima,Regular,2025-07-17
67,2026-05-25,7,1.69,918.69 aprox,8,WhatsApp,Transferencia,1,1035.02,,ZoNa 7,Independencia,Este,Cafe,Perenne,918.69,Raul Cruz,Ventanilla,Premium,2025-06-23
68,2026-01-25,2,1.16,664.25,0,ApP,Efectivo,2,480.59,Cliente frecuente,ZoNa 7,Independencia,Este,Tomate,HORTALIZA,664.25,Diana Cruz,Ate,Frecuente,2025-10-05
69,03/04/2026,4,4.17,722.17,0,Presencial,Transferencia,1,1351.01,,Zona 5,SAN JUAN DE LURIGANCHO,Este,Maiz amarillo,Cereal,722.17,Pedro Cruz,Callao,Regular,2025-12-21
70,21-03-2026,,6.31,1011.39,0,Web,  Plin ,5,S/ 2389.5,,ZoNa 7,Independencia,Este,Cacao,Perenne,1011.39,carlos rojas,Villa El Salvador,  Premium , 2025-04-26 
71,2026-01-23,8,2.97,1301.39,8,App,Plin,4,1272.92,  OK ,Zona 5,SAN JUAN DE LURIGANCHO,Este,Palta,Fruta,1301.39,Marco Huaman,surco,Frecuente,2025-02-17
72,2026-06-03, 5 ,0.86,676.84,15,App,,4,327.08,,Zona 1,Independencia,Este,Quinua,Grano,676.84,Fiorella Ramos,Los Olivos,  Frecuente ,2025-01-16
73,2026-01-10,5,0.53,904.42,15,WhatsApp,  Efectivo ,1,,Promocion,  Zona 4 ,Lima,Norte,Papa blanca,Tuberculo,904.42,Diego Rojas,Los Olivos,CoRpOrAtIvO,2025-04-22
74,2026-04-09, 1 ,5.35,573.46,15,Web,efectivo,4,2040.22,OK,Zona 6,Villa El Salvador,SuR,Cebolla,Hortaliza,573.46,Jose Huaman,Lima,Nuevo,2025-09-21
75,2026-02-08,2,10.33,664.25,20,Web,EFECTIVO,2,3344.52,Revisar,Zona 1,Independencia,Este,Tomate,HORTALIZA,664.25,Marco Huaman,surco,Frecuente,2025-02-17
76,2026-06-18, 5 ,9.46 aprox, 904.42 ,15,WhatsApp,Tarjeta,3,3359.25,Promocion,Zona 2,Independencia,Sur,Papa blanca,Tuberculo,904.42,Diana Rojas,SaN MiGuEl,Frecuente,2025-10-07
77,2026/04/19,1,5.22,573.46,5,WhatsApp,Yape,2,1491.74,OK,Zona 2,Independencia,Sur,Cebolla,Hortaliza,573.46,Maria Flores,  Ate ,Premium,2025-03-26
78,2026-04-16,7,4.41,1637.63,5,Web,Efectivo,3,1774.18,Promocion,Zona 1,Independencia,Este,Arandano,Fruta,1637.63,Fiorella Ramos,Los Olivos,  Frecuente ,2025-01-16
79,2026-04-06,4,"5,59",676.84,10,Web,Plin,1,1877.41,Cliente  frecuente,Zona 1,Independencia,Este,Quinua,Grano,676.84,Marco Castillo,Villa El Salvador,Premium,2025-05-16
80,2026-04-12,5,7.51,,20,WhatsApp,Plin,2,2573.66,Revisar,Zona 1,Independencia,Este,Tomate,HORTALIZA,664.25,Diana Rojas,SaN MiGuEl,Frecuente,2025-10-07
81,2026-02-01,1,0.67,722.17,0,Web,Yape,5,337.67,Promocion,zona 3,,Norte,Maiz amarillo,Cereal,722.17,Diego Sayan,San Juan de Lurigancho,Frecuente,2025-05-12
82,2026-01-20,6,1.81,"918,69",12,  App ,Tarjeta,2,656.09,Cliente frecuente,ZoNa 7,Independencia,Este,Cafe,Perenne,918.69,Fiorella Flores,La Molina,Frecuente,2025-12-09
83,2026-03-19,5,4.91,1637.63 aprox,12,Telefono,Tarjeta,2,2035.36,Promocion,zona 3,,Norte,Arandano,Fruta,1637.63,Lucia Huaman,Chorrillos,Frecuente,2025-06-05
84,2026-04-10,3,7.43,918.69,12,WhatsApp,Yape,4,2543.68,OK,ZoNa 7,Independencia,Este,Cafe,Perenne,918.69,Jose Sayan,Callao,Regular,2025-01-08
85,2026-04-28,7,6.85,722.17,0,WEB,Transferencia, 4 ,2296.06,Cliente frecuente,Zona 1,Independencia,Este,Maiz amarillo,Cereal,722.17,,,Premium,2025-02-11
86, 2026-05-01 ,3,5.04,573.46,10,Presencial,Tarjeta,1,1722.99,Promocion,Zona 6,Villa El Salvador,SuR,Cebolla,Hortaliza,573.46,Fiorella Castillo,La Molina,Nuevo,2025-11-21
87, 2026-02-28 ,1,6.04,S/ 1011.39,,WhatsApp,plin,4,2100.18,,  Zona 4 ,Lima,Norte,Cacao,Perenne,1011.39,Marco Soto,Miraflores,Frecuente,19/04/2025
88,2026-06-13,1,4.02,722.17,12,Telefono,Yape,3,1708.94,Promocion,Zona 5,SAN JUAN DE LURIGANCHO,Este,Maiz amarillo,Cereal,722.17,Fiorella Mendoza,Callao,Corporativo,27/10/2025
89,2026-03-26,7,1.2, 918.69 ,8,Web,Plin,3,450.39,Promocion,Zona 5,SAN JUAN DE LURIGANCHO,Este,Cafe,Perenne,918.69,camila rojas,ventanilla,Regular,2025-12-06
90,2026-05-07,6 aprox,,918.69,0,Web,Tarjeta,4,3520.89,OK,ZoNa 7,Independencia,Este,Cafe,Perenne,918.69,Maria Flores,  Ate ,Premium,2025-03-26
91,2026-06-05,6,2.83,918.69,20,App,Tarjeta,5,1203.83,Cliente frecuente,  Zona 4 ,Lima,Norte,Cafe,Perenne,918.69,Diana Paredes,,Nuevo,2025-06-22
92,2026-02-08,6,10.27,1637.63,15,Presencial,Tarjeta,1,3674.68,,Zona 2,Independencia,Sur,Arandano,Fruta,1637.63,Fiorella Mendoza,Callao,Corporativo,27/10/2025
93,2026-05-13,2,7.19,1301.39,0,WhatsApp,Efectivo,1,2518.31,Revisar,Zona 6,Villa El Salvador,SuR,Palta,Fruta,1301.39,Marco Huaman,surco,Frecuente,2025-02-17
94,2026-06-16,2,2.0,676.84,0,ApP,Plin,,794.96,,  Zona 4 ,Lima,Norte,Quinua,Grano,676.84,Valeria Vargas,Los  Olivos,Frecuente,2025-11-23
95,2026-01-13,3,8.55,722.17,,WhatsApp,Plin,5,3372.11,  OK ,  Zona 4 ,Lima,Norte,Maiz amarillo,Cereal,722.17,Ana Castillo,Surco,Premium,2025-11-21
96,14/01/2026,4,4.71,573.46, 15 ,WhatsApp,  Plin ,4,1532.43,Cliente frecuente,Zona 6,Villa El Salvador,SuR,Cebolla,Hortaliza,573.46,Raul Cruz,Ventanilla,Premium,2025-06-23
97,2026-01-20,2,6.62 aprox,722.17,20,Presencial,Plin,1,2362.81 aprox,Revisar,Zona 5,SAN JUAN DE LURIGANCHO,Este,Maiz amarillo,Cereal,722.17,Raul Cruz,Ventanilla,Premium,2025-06-23
98,2026-06-12,5,3.67,904.42,0,Web,  Transferencia ,4,1289.75,Revisar,ZoNa 7,Independencia,Este,Papa blanca,Tuberculo,904.42,Camila Ramos,CoMaS,Regular,2025-09-17
99,2026-03-28,6,2.98,1637.63,10,whatsapp,Efectivo,4,1172.49,,Zona 2,Independencia,Sur,Arandano,Fruta,1637.63,Diana Sayan,Miraflores,Regular,16/09/2025
100,2026-02-13,2,7.29,1011.39,15,WhatsApp,Yape,2,2562.55,OK,Zona 2,Independencia,Sur,Cacao,Perenne,1011.39,Claudia Soto,Ate,Nuevo,2025-07-21
101,2026-05-04,2,47.87,722.17,15,Telefono,Tarjeta,5,14860.64,Revisar,Zona 2,Independencia,Sur,Maiz amarillo,Cereal,722.17,Elena Flores,Surco,Nuevo,16/05/2025
102,,7,9.76,664.25,12,web,Efectivo,3,3091.6,OK,Zona 6,Villa El Salvador,SuR,Tomate,HORTALIZA,664.25,Valeria Vargas,Lima,Premium,2025-06-24
103,2026-01-06,5,11.64,1011.39,10,,Plin,3,3689.37,,Zona 6,Villa El Salvador,SuR,Cacao,Perenne,1011.39,Diana Rojas,SaN MiGuEl,Frecuente,2025-10-07
104,2026-04-03,7,9.73 aprox,1637.63,5,Web,Efectivo,5,3433.7,Promocion,Zona 1,Independencia,Este,Arandano,Fruta,1637.63,Diana Paredes,,Nuevo,2025-06-22
105,2026-02-05,5,11.5,1637.63,15,App,  Tarjeta ,3,3790.66,,Zona 1,Independencia,Este,Arandano,Fruta,1637.63,,,Premium,2025-02-11
106,2026-01-19,3,11.84,1301.39,0,Telefono,Plin,4,3910.5,Cliente frecuente,  Zona 4 ,Lima,Norte,Palta,Fruta,1301.39,  Pedro Soto ,Lima,Corporativo,2025-04-13
107,13-05-2026,1, 10.15 ,573.46,15,  WhatsApp ,Efectivo,2,3586.85,Cliente frecuente,Zona 1,Independencia,Este,Cebolla,Hortaliza,573.46,Ana Quispe,Lima,Nuevo,2025-07-05
108,2026-03-11,8 aprox,6.62,,0,Presencial,Plin,5,,Cliente frecuente,Zona 6,Villa El Salvador,SuR,Cacao,Perenne,1011.39,  Pedro Soto ,Lima,Corporativo,2025-04-13
109,02-03-2026,1,1.74,1637.63,5,Presencial,Plin,5,880.42,Revisar,Zona 6,Villa El Salvador,SuR,Arandano,Fruta,1637.63,camila rojas,ventanilla,Regular,2025-12-06
110,2026-04-28,7,6.85,722.17,0,WEB,Transferencia, 4 ,2296.06,Cliente frecuente,Zona 1,Independencia,Este,Maiz amarillo,Cereal,722.17,,,Premium,2025-02-11
111,2026-01-25,2,5.47,664.25,15 aprox,,Plin,4,2170.1,OK,Zona 6,Villa El Salvador,SuR,Tomate,HORTALIZA,664.25,Valeria Vargas,Los  Olivos,Frecuente,2025-11-23
112,2026-05-22,8,4.65, 722.17 ,12,Telefono,Transferencia,,1614.78,Revisar,Zona 1,Independencia,Este,Maiz amarillo,Cereal,722.17,Raul Mendoza,Ate,REGULAR,2025-08-14
113,2026-04-23,7,6.0,664.25,12,App,Transferencia,3,2271.96,Cliente frecuente,Zona 1,Independencia,Este,Tomate,HORTALIZA,664.25,Camila Paredes,San  Juan  de  Lurigancho,regular,2025-07-01
114,2026-04-26,,6.82,1637.63,0,,Yape,1 aprox,2873.54,,Zona 5,SAN JUAN DE LURIGANCHO,Este,Arandano,Fruta,1637.63,Lucia Huaman,Chorrillos,Frecuente,2025-06-05
115,2026-04-22,1,1.29,664.25,20,Presencial,Efectivo, 5 , 481.04 ,OK,Zona 1,Independencia,Este,Tomate,HORTALIZA,664.25,Lucia Cruz,La Molina,Frecuente,2025-08-25
116,2026-06-10,4,10.66,1637.63,10,Presencial,Yape,4,3724.79,Revisar,zona 3,,Norte,Arandano,Fruta,1637.63,Carlos Torres,Miraflores,nuevo,2025-08-13
117,2026-06-14,7,3.66,,5,Presencial,Plin,5,1186.7,,ZoNa 7,Independencia,Este,Papa blanca,Tuberculo,904.42,Diana Cruz,Ate,Frecuente,2025-10-05
118,06-05-2026,2,"9,98",1637.63,15,Telefono,Efectivo,5,3460.88,Promocion,ZoNa 7,Independencia,Este,Arandano,Fruta,1637.63,Fiorella Navarro,Ate,premium,2025-03-01
119,2026-01-18,2,7.89,664.25,20,Presencial,Transferencia,1,2348.49,Cliente frecuente,Zona 2,Independencia,Sur,Tomate,HORTALIZA,664.25,Ana Ramos,CaLlAo,Nuevo,2025-10-18
120,2026-06-01,6,6.81 aprox,S/ 918.69,8,WeB,Tarjeta,1,2552.66,Cliente frecuente,Zona 2,Independencia,Sur,Cafe,Perenne,918.69,Maria Rojas,Comas,Premium,2025-10-22
121,2026-06-21,, 7.25 ,918.69,0,Telefono,Yape,2 aprox,2642.61,,  Zona 4 ,Lima,Norte,Cafe,Perenne,918.69,Elena Flores,Surco,Nuevo,16/05/2025
122,2026-04-01,7,7.98,676.84,0,App,Transferencia,5,2591.33 aprox,OK,Zona 2,Independencia,Sur,Quinua,Grano,676.84,,,Premium,2025-02-11
123,2026-02-12,1,3.42,676.84,5,Presencial,Efectivo,2,1259.17,Promocion,zona 3,,Norte,Quinua,Grano,676.84,Elena Quispe,Los Olivos,Regular,2025-01-13
124,2026-06-17,5,8.28,904.42,0,Presencial,Plin, 3 ,3131.18,Promocion,ZoNa 7,Independencia,Este,Papa blanca,Tuberculo,904.42,Sofia Mendoza,San Miguel,Regular,2025-11-08
125,2026-02-16,5,9.91,1011.39,20,Telefono,Yape,4,3259.1,Revisar,Zona 1,Independencia,Este,Cacao,Perenne,1011.39,Carlos Campos,La Molina,Premium,2025-12-22
126,2026-03-17,6,9.01,1011.39,20,WhatsApp,Plin,4,3510.72,Cliente frecuente,  Zona 4 ,Lima,Norte,Cacao,Perenne,1011.39,Raul Soto,Comas,Corporativo,2025-09-19
127, 2026-03-02 ,2,2.83, 918.69 ,5,Web,Transferencia,2, 1115.9 ,,Zona 2,Independencia,Sur,Cafe,Perenne,918.69,Marco Huaman,surco,Frecuente,2025-02-17
128,2026-05-13, 2 ,6.1,664.25,5,TeLeFoNo,TRANSFERENCIA,3,2068.15,Revisar,  Zona 4 ,Lima,Norte,Tomate,HORTALIZA,664.25,Ana Castillo,Surco,Premium,2025-11-21
129,2026-03-20,5,7.85,573.46,12,,Efectivo,5,2792.35,Cliente frecuente,zona 3,,Norte,Cebolla,Hortaliza,573.46,Miguel Rojas,CALLAO,,2025-11-18
130,2026-05-18,3,11.05,1637.63,20,App,TARJETA,1,3276.25,Cliente frecuente,Zona 6,Villa El Salvador,SuR,Arandano,Fruta,1637.63,Raul Mendoza,Ate,REGULAR,2025-08-14
131,2026-04-12,8,7.34,918.69,12,App,Transferencia,4,2480.98,Cliente frecuente,Zona 2,Independencia,Sur,Cafe,Perenne,918.69,Claudia Reyes,San Miguel,  Premium ,2025-01-02
132,2026-01-23,4,,676.84,20,Web,Efectivo,2,3645.14,Promocion,Zona 1,Independencia,Este,Quinua,Grano,676.84,  Carlos Vargas ,Ate,  Frecuente ,2025-07-21
133, 2026-04-18 ,1,7.15,1011.39,12 aprox,WhatsApp,  Transferencia ,1,,CLIENTE FRECUENTE,ZoNa 7,Independencia,Este,Cacao,Perenne,1011.39,Fiorella Ramos,Los Olivos,  Frecuente ,2025-01-16
134,2026-06-24,2,"0,59",676.84,8,App,Plin, 4 ,413.07,Cliente frecuente,Zona 2,Independencia,Sur,Quinua,Grano,676.84,Ana Sayan,San Juan de Lurigancho,Nuevo,2025-01-01
135,2026-03-22,6,1.74,1301.39 aprox,15,App,TrAnSfErEnCiA,4,878.81,Cliente  frecuente,Zona 2,Independencia,Sur,Palta,Fruta,1301.39,Camila Ramos,CoMaS,Regular,2025-09-17
136,2026-04-18,8,"10,12",S/ 904.42,12,Web,Tarjeta,,3515.14 aprox,Cliente frecuente,Zona 5,SAN JUAN DE LURIGANCHO,Este,Papa blanca,Tuberculo,904.42,Diana Torres,comas,Premium,2025-12-08
137,2026-01-18,5,2.58,664.25,15,WhatsApp,Tarjeta,1,1263.99,PROMOCION,Zona 5,SAN JUAN DE LURIGANCHO,Este,Tomate,HORTALIZA,664.25,Diana Rojas,SaN MiGuEl,Frecuente,2025-10-07
138,2026-03-09,6,6.66,722.17,0,WhatsApp,Plin,3,2449.2,Revisar,Zona 6,Villa El Salvador,SuR,Maiz amarillo,Cereal,722.17,Ana Quispe,Lima,Nuevo,2025-07-05
139,2026-06-05,1,9.96,664.25,10,Web,Plin,2, 3399.14 ,,Zona 1,Independencia,Este,Tomate,HORTALIZA,664.25,Fiorella Mendoza,Callao,Corporativo,27/10/2025
140,2026-01-12,3,6.7,1011.39,8,Telefono,Tarjeta,1 aprox,2227.84,Revisar,Zona 6,Villa El Salvador,SuR,Cacao,Perenne,1011.39,Carlos Torres,Miraflores,nuevo,2025-08-13
141,2026-02-16,4,9.84,S/ 664.25,10,Telefono,Plin,1,3347.59,Promocion,zona 3,,Norte,Tomate,HORTALIZA,664.25,Marco Soto,Miraflores,Frecuente,19/04/2025
142,2026-02-26,,11.06,1301.39,0,Web,Plin,3,3945.3,Cliente frecuente,zona 3,,Norte,Palta,Fruta,1301.39,Raul Soto,Comas,Corporativo,2025-09-19
143,2026-04-26,8,6.26,S/ 722.17,12,Telefono,YAPE,4,2253.21,promocion,Zona 2,Independencia,Sur,Maiz amarillo,Cereal,722.17,Elena Flores,Surco,Nuevo,16/05/2025
144,2026-03-23,7,6.48,1301.39 aprox,0,WhatsApp,plin,5,2264.1,Cliente frecuente,zona 3,,Norte,Palta,Fruta,1301.39,Carlos Torres,Miraflores,nuevo,2025-08-13
145,2026-04-07,2,1.18,918.69,12,WhatsApp,Transferencia,3,291.51,Promocion,ZoNa 7,Independencia,Este,Cafe,Perenne,918.69,raul flores,SURCO,regular, 2025-10-28 
146,2026-06-21,1,6.94,904.42,10,telefono,TARJETA,3,2587.6,,  Zona 4 ,Lima,Norte,Papa blanca,Tuberculo,904.42,Camila Paredes,San  Juan  de  Lurigancho,regular,2025-07-01
147,2026-04-07,4,9.42,1301.39,0,WhatsApp,Transferencia,5,S/ 3159.88,Cliente frecuente,Zona 2,Independencia,Sur,Palta,Fruta,1301.39,Luis Huaman,Ventanilla,Frecuente,2025-01-19
148,2026-04-22,2,5.1,722.17, 12 ,Web,Tarjeta,,2242.47,Revisar,Zona 5,SAN JUAN DE LURIGANCHO,Este,Maiz amarillo,Cereal,722.17,Claudia Soto,Ate,Nuevo,2025-07-21
149,2026-05-01,1,"5,62",1301.39,15,,Efectivo,1,2050.42,Revisar,Zona 5,SAN JUAN DE LURIGANCHO,Este,Palta,Fruta,1301.39,Andre Salazar,La Molina,Corporativo,2025-04-20
150,2026/03/13,3,1.61,1301.39,8,App,Efectivo,5,909.09,Cliente frecuente,ZoNa 7,Independencia,Este,Palta,Fruta,1301.39,Maria Flores,  Ate ,Premium,2025-03-26
151,2026-04-08,8,1.5,904.42,10,Web,Transferencia,1, 678.55 ,Promocion,Zona 2,Independencia,Sur,Papa blanca,Tuberculo,904.42,Fiorella Mendoza,Callao,Corporativo,27/10/2025
152,2026-01-08,4,0.59,573.46,20,app,Plin,5,681.52,Revisar,Zona 5,SAN JUAN DE LURIGANCHO,Este,Cebolla,Hortaliza,573.46,Jorge Mendoza,SaN MiGuEl,Frecuente,2025-09-07
153,2026-01-07, 2 ,5.65,664.25,5,Telefono,Tarjeta,4,1942.83,,Zona 2,Independencia,Sur,Tomate,HORTALIZA,664.25,Raul Mendoza,Ate,REGULAR,2025-08-14
154,2026-01-15,2,9.97,1011.39,0,WhatsApp,Plin,5,3449.25,,zona 3,,Norte,Cacao,Perenne,1011.39,Maria Castillo,Miraflores,Premium,2025-10-24
155,2026-03-11,8,,,0,App,Transferencia,5 aprox,1841.85,,Zona 6,Villa El Salvador,SuR,Quinua,Grano,676.84,Sofia Ramos,Lima,Regular,2025-02-07
156,2026-06-13,1,4.2,1301.39,20,Web,Transferencia,4,1588.98,OK,zona 3,,Norte,Palta,Fruta,1301.39,Marco Castillo,Villa El Salvador,Premium,2025-05-16
157,2026-05-19,1,3.7,1011.39,0,WhatsApp,  Transferencia ,1,1483.28,,Zona 5,SAN JUAN DE LURIGANCHO,Este,Cacao,Perenne,1011.39,Diana Paredes,,Nuevo,2025-06-22
158,2026-06-27,1,6.93,918.69,8,Telefono,Tarjeta,1,2555.54,,Zona 5,SAN JUAN DE LURIGANCHO,Este,Cafe,Perenne,918.69,Sofia Ramos,Lima,Regular,2025-02-07
159,2026-06-12,1,"5,24",676.84,8,App,Efectivo,2,2078.36,Cliente frecuente,Zona 2,Independencia,Sur,Quinua,Grano,676.84,Fiorella Flores,La Molina,Frecuente,2025-12-09
160,2026-05-19,7,4.91,1301.39,0,  Telefono ,Yape,5,2041.83,Revisar,Zona 1,Independencia,Este,Palta,Fruta,1301.39,Miguel Gomez,Villa El Salvador,Premium,2025-10-17
161,2026-06-23,6,8.64 aprox,1301.39,10,WhatsApp,Plin,3,2994.19,Revisar,Zona 2,Independencia,Sur,Palta,Fruta,1301.39,Claudia Paredes,ventanilla,Frecuente,2025-03-10
162,2026-03-25,2,10.87,918.69,5,App,Plin,1,3471.23,Revisar,Zona 1,Independencia,Este,Cafe,Perenne,918.69,Diana Rojas,SaN MiGuEl,Frecuente,2025-10-07
163,15-05-2026, 2 ,8.84,676.84,5,Telefono,Efectivo,3,3039.14,,Zona 1,Independencia,Este,Quinua,Grano,676.84,Diana Cruz,Ate,Frecuente,2025-10-05
164,2026-02-14,1,10.29,573.46,10,App,Plin,5,3063.84,,  Zona 4 ,Lima,Norte,Cebolla,Hortaliza,573.46,Raul Soto,Comas,Corporativo,2025-09-19
165,2026-04-15,4,5.19,"1301,39",10,PrEsEnCiAl,Tarjeta, 1 ,1899.12,  Cliente frecuente ,ZoNa 7,Independencia,Este,Palta,Fruta,1301.39,Fiorella Ramos,Los Olivos,  Frecuente ,2025-01-16
166,2026-01-21,8,0.53,"904,42",,presencial,Efectivo,2,439.41,Revisar,Zona 5,SAN JUAN DE LURIGANCHO,Este,Papa blanca,Tuberculo,904.42,Raul Soto,Comas,Corporativo,2025-09-19
167,16-01-2026,7,4.61,918.69, 15 ,WhatsApp,Tarjeta,2, 1704.86 ,,Zona 6,Villa El Salvador,SuR,Cafe,Perenne,918.69,Marco Soto,Miraflores,Frecuente,19/04/2025
168,2026-04-23,2,9.12,1011.39,10,App,Yape,5,3369.96,,Zona 6,Villa El Salvador,SuR,Cacao,Perenne,1011.39,Elena Quispe,Los Olivos,Regular,2025-01-13
169,2026-04-24,5,5.5,1637.63,12,Telefono,  Yape ,4,1970.69,Cliente frecuente,  Zona 4 ,Lima,Norte,Arandano,Fruta,1637.63,Maria Castillo,Miraflores,Premium,2025-10-24
170,2026-05-13,7,4.85,918.69,10,Web,Plin,2,1940.18,Promocion,zona 3,,Norte,Cafe,Perenne,918.69,Elena Paredes,Surco,Premium,2025-10-08
171,2026-05-21,5,"6,96",676.84,20,Web,Yape,5,2367.59,,ZoNa 7,Independencia,Este,Quinua,Grano,676.84,Valeria Vargas,Lima,Premium,2025-06-24
172,,6,8.6,918.69,5,Presencial,Yape,3,2987.77,OK,Zona 5,SAN JUAN DE LURIGANCHO,Este,Cafe,Perenne,918.69,Raul Ramos,villa el salvador,Premium,2025-06-01
173, 2026-05-09 ,7,2.63,1301.39,5 aprox,WhatsApp,Transferencia,3,961.15,OK,Zona 5,SAN JUAN DE LURIGANCHO,Este,Palta,Fruta,1301.39,Fiorella Sayan,Miraflores,,2025-08-04
174,2026-01-02,7,8.61,1011.39,10,WhatsApp,Transferencia,5,2683.22,,Zona 2,Independencia,Sur,Cacao,Perenne,1011.39,Diana Paredes,,Nuevo,2025-06-22
175,10/06/2026,5,7.72,1301.39,0,app,Tarjeta,4,2636.11,,Zona 6,Villa El Salvador,SuR,Palta,Fruta,1301.39,camila rojas,ventanilla,Regular,2025-12-06
176,22/01/2026,5,3.15,676.84, 12 ,Telefono,Efectivo,5,1007.26,Revisar,zona 3,,Norte,Quinua,Grano,676.84,Ana Castillo,Surco,Premium,2025-11-21
177,2026-06-04,4,11.36 aprox,1637.63,0,App,Transferencia,2,3626.3,Revisar,Zona 6,Villa El Salvador,SuR,Arandano,Fruta,1637.63,Lucia Cruz,La Molina,Frecuente,2025-08-25
178,2026/05/27,6,7.88,1637.63,0,Web,Transferencia,2,"2899,18",OK,Zona 2,Independencia,Sur,Arandano,Fruta,1637.63,  Carlos Vargas ,Ate,  Frecuente ,2025-07-21
179,2026-03-25,7,9.82,1011.39,5,presencial,Yape,2,3445.29,,Zona 2,Independencia,Sur,Cacao,Perenne,1011.39,Fiorella Sayan,Miraflores,,2025-08-04
180,2026-03-24,7,6.47,664.25,0,Telefono,Efectivo,5,2022.29,OK,Zona 2,Independencia,Sur,Tomate,HORTALIZA,664.25,Ana Castillo,Surco,Premium,2025-11-21
181,2026-05-08,5,,918.69,12,Telefono,Efectivo,5,1854.22,Promocion,ZoNa 7,Independencia,Este,Cafe,Perenne,918.69,,Callao,Frecuente,2025-04-16
182,2026-04-23,4,,573.46,12,Presencial,,3 aprox,3905.37,Promocion,Zona 6,Villa El Salvador,SuR,Cebolla,Hortaliza,573.46,Fiorella Sayan,Miraflores,,2025-08-04
183,21-05-2026,3, 1.43 ,918.69 aprox,0,Web,tarjeta,2,2726.63,Cliente  frecuente,Zona 6,Villa El Salvador,SuR,Cafe,Perenne,918.69,Camila Navarro,Surco,Corporativo,
184,2026-06-27,5,3.59,904.42,10,App,Transferencia,2,1522.58,Promocion,ZoNa 7,Independencia,Este,Papa blanca,Tuberculo,904.42,Pedro Cruz,Callao,Regular,2025-12-21
185,2026-05-16,4,8.83,1301.39,0,WhatsApp,Efectivo,5,"2912,2",OK,zona 3,,Norte,Palta,Fruta,1301.39,Claudia Salazar,Independencia,  Nuevo ,15-08-2025
186,2026-02-15,1,9.32,918.69,8,App,Plin,4,,Promocion,  Zona 4 ,Lima,Norte,Cafe,Perenne,918.69,Elena Paredes,Surco,Premium,2025-10-08
187,2026-06-25,2,2.82,664.25,15,TELEFONO,Yape,1,818.01,OK,  Zona 4 ,Lima,Norte,Tomate,HORTALIZA,664.25,Ana Castillo,Surco,Premium,2025-11-21
188,2026-06-02,7,9.2,1011.39,20,Telefono,Transferencia,5,3151.67,,Zona 6,Villa El Salvador,SuR,Cacao,Perenne,1011.39,carlos rojas,Villa El Salvador,  Premium , 2025-04-26 
189,2026-05-20,,10.17,904.42,5,App,Transferencia,3,,,ZoNa 7,Independencia,Este,Papa blanca,Tuberculo,904.42,Lucia Cruz,La Molina,Frecuente,2025-08-25
190,15/04/2026,7,5.05,722.17,20,Telefono,Tarjeta,2, 1868.96 ,Cliente frecuente,Zona 1,Independencia,Este,Maiz amarillo,Cereal,722.17,Luis Reyes,Comas,Nuevo,2025-01-26
191,2026-04-27,5,3.97,1011.39,15,WHATSAPP,Yape,3,1659.86,Promocion,zona 3,,Norte,Cacao,Perenne,1011.39,Sofia Ramos,Lima,Regular,2025-02-07
192,2026-05-09,1,11.2,664.25,0,App,Yape,2,3654.01,Cliente frecuente,Zona 2,Independencia,Sur,Tomate,HORTALIZA,664.25,Raul Salazar,independencia,Nuevo,2025-01-11
193,2026-05-22,3 aprox,4.78,676.84 aprox,12,Presencial,Plin,3,1644.41,,Zona 6,Villa El Salvador,SuR,Quinua,Grano,676.84,Diana Rojas,SaN MiGuEl,Frecuente,2025-10-07
194,13-01-2026,1,9.62,918.69,,Telefono,Efectivo,5,3123.37,Promocion,zona 3,,Norte,Cafe,Perenne,918.69,Valeria Flores,Los Olivos,Frecuente,2025-05-22
195,2026/03/03,8,6.51,904.42,0,WhatsApp,Plin,5,2239.07,Promocion,Zona 5,SAN JUAN DE LURIGANCHO,Este,Papa blanca,Tuberculo,904.42,camila rojas,ventanilla,Regular,2025-12-06
196,2026-02-06,5,5.6,722.17,0,Web,,4,1885.85,OK,Zona 6,Villa El Salvador,SuR,Maiz amarillo,Cereal,722.17,Fiorella Flores,La Molina,Frecuente,2025-12-09
197,2026-05-07,6,6.63,1011.39,0,App,Transferencia,, 2280.05 ,Promocion,zona 3,,Norte,Cacao,Perenne,1011.39,Luis Reyes,Comas,Nuevo,2025-01-26
198,2026-05-12,7,9.66,722.17,0,App,Yape,5,3156.01,,Zona 2,Independencia,Sur,Maiz amarillo,Cereal,722.17,camila rojas,ventanilla,Regular,2025-12-06
199,2026-05-08,8,2.16,S/ 573.46,0,PrEsEnCiAl,Tarjeta,2,775.64,,Zona 6,Villa El Salvador,SuR,Cebolla,Hortaliza,573.46,camila rojas,ventanilla,Regular,2025-12-06
200,2026-05-18,3,10.22, 1011.39 ,0 aprox,App,Yape,5,3498.22,OK,Zona 1,Independencia,Este,Cacao,Perenne,1011.39,Valeria Flores,Los Olivos,Frecuente,2025-05-22
201,2026-03-01,3,6.7,918.69,10,Presencial,Plin,4,,OK,  Zona 4 ,Lima,Norte,Cafe,Perenne,918.69,Elena Mendoza,La Molina,Premium,2025-03-18
202,2026-03-03,3,5.39,664.25,8,Web,Transferencia,1,1873.98,OK,  Zona 4 ,Lima,Norte,Tomate,HORTALIZA,664.25,Valeria Flores,Los Olivos,Frecuente,2025-05-22
203,2026/03/11,8,"5,99",664.25,0,Presencial,Plin,3,2227.87,,Zona 1,Independencia,Este,Tomate,HORTALIZA,664.25,Valeria Vargas,Lima,Premium,2025-06-24
204,2026-03-11,6, 7.8 ,1011.39,15,App,Tarjeta,4,2571.01,OK,Zona 1,Independencia,Este,Cacao,Perenne,1011.39,Maria Flores,  Ate ,Premium,2025-03-26
205,2026-05-07,3,0.51,722.17,0,,Yape,,,,Zona 1,Independencia,Este,Maiz amarillo,Cereal,722.17,Elena Paredes,Surco,Premium,2025-10-08
206,2026-06-24,1,7.8,676.84,10,Telefono,Transferencia,3,2270.83,Promocion,  Zona 4 ,Lima,Norte,Quinua,Grano,676.84,Diego Flores,Ate,,2025-06-06
207,2026-04-18,3,7.99,573.46,8,App,PLIN,1,2548.3,Cliente frecuente,ZoNa 7,Independencia,Este,Cebolla,Hortaliza,573.46,Valeria Vargas,Lima,Premium,2025-06-24
208,2026-04-10,6,5.49,1011.39,5,App,Efectivo, 2 ,1836.97,,Zona 2,Independencia,Sur,Cacao,Perenne,1011.39,Lucia Cruz,La Molina,Frecuente,2025-08-25
209,2026-01-06,4,7.25,918.69,20,WhatsApp,Plin,,2688.73,Promocion,ZoNa 7,Independencia,Este,Cafe,Perenne,918.69,Diego Rojas,Los Olivos,CoRpOrAtIvO,2025-04-22
210,20-03-2026,3,"3,06",676.84,15,Web,Efectivo,3,1696.47,Promocion,Zona 2,Independencia,Sur,Quinua,Grano,676.84,Luis Huaman,Ventanilla,Frecuente,2025-01-19
211,2026-03-13,5 aprox,10.66 aprox,1011.39,15,Presencial,Plin,3,3744.64,,Zona 1,Independencia,Este,Cacao,Perenne,1011.39,Elena Paredes,Surco,Premium,2025-10-08
212,2026-06-13,1,4.02,722.17,12,Telefono,Yape,3,1708.94,Promocion,Zona 5,SAN JUAN DE LURIGANCHO,Este,Maiz amarillo,Cereal,722.17,Fiorella Mendoza,Callao,Corporativo,27/10/2025
213,2026-05-09,8,8.61,904.42, 10 ,App,Tarjeta,4,3011.87,Promocion,zona 3,,Norte,Papa blanca,Tuberculo,904.42,Elena Quispe,Los Olivos,Regular,2025-01-13
214,2026-02-26,3,7.91,918.69, 15 ,Presencial,tarjeta,5,S/ 3084.49,,  Zona 4 ,Lima,Norte,Cafe,Perenne,918.69,Camila Ramos,CoMaS,Regular,2025-09-17
215,2026-06-23,1,1.15,1011.39,12,WhatsApp,Efectivo,4,522.59,Promocion,  Zona 4 ,Lima,Norte,Cacao,Perenne,1011.39,Andre Salazar,La Molina,Corporativo,2025-04-20
216,2026-05-11,6,5.64,722.17,15,WhatsApp,Plin,4,2125.04,Revisar,Zona 6,Villa El Salvador,SuR,Maiz amarillo,Cereal,722.17,Miguel Gomez,Villa El Salvador,Premium,2025-10-17
217,2026-01-08,2,2.89,918.69,15,TeLeFoNo,Yape,1,1311.08,Revisar,Zona 1,Independencia,Este,Cafe,Perenne,918.69,Diana Sayan,Miraflores,Regular,16/09/2025
218,2026-02-03,6,5.94,918.69,,App,Tarjeta,4,2065.74,,ZoNa 7,Independencia,Este,Cafe,Perenne,918.69,Luis Reyes,Comas,Nuevo,2025-01-26
219,2026-01-23,7,"11,15",664.25,0,web,Efectivo,3,3512.81,Promocion,zona 3,,Norte,Tomate,HORTALIZA,664.25,Fiorella Flores,La Molina,Frecuente,2025-12-09
220,2026-05-23,6,"5,8",1637.63 aprox,0,WhatsApp,Tarjeta,2,2195.9,,ZoNa 7,Independencia,Este,Arandano,Fruta,1637.63,Fiorella Cruz,La Molina,  Premium ,2025-08-01
221,27-01-2026,3,"2,66",676.84,10,,Efectivo,5,1071.08,,  Zona 4 ,Lima,Norte,Quinua,Grano,676.84,Lucia Huaman,Chorrillos,Frecuente,2025-06-05
222,2026-01-25,3,"2,16",722.17,8,WhatsApp,Yape, 1 ,1038.61,Promocion,  Zona 4 ,Lima,Norte,Maiz amarillo,Cereal,722.17,Maria Rojas,Comas,Premium,2025-10-22
223,21/02/2026,8,4.8,1301.39,10,Telefono,EFECTIVO,5,1676.99,OK,zona 3,,Norte,Palta,Fruta,1301.39,Camila Paredes,San  Juan  de  Lurigancho,regular,2025-07-01
224,2026-06-13,6,10.12 aprox,573.46,0,WhatsApp,Efectivo,4,3175.81,Revisar,  Zona 4 ,Lima,Norte,Cebolla,Hortaliza,573.46,Raul Mendoza,Ate,REGULAR,2025-08-14
225,2026-02-11, 8 ,1.82 aprox,1637.63,0,Presencial,  Transferencia ,1,759.31,Revisar,zona 3,,Norte,Arandano,Fruta,1637.63,Sofia Ramos,Lima,Regular,2025-02-07
226,2026-04-15,2,3.1,722.17,10,  Web ,Efectivo,5, 1243.56 ,Revisar,Zona 2,Independencia,Sur,Maiz amarillo,Cereal,722.17,Ana Quispe,Lima,Nuevo,2025-07-05
227,2026-02-07, 1 ,3.65,918.69,8,Web,Efectivo,2,1311.1,Promocion,Zona 1,Independencia,Este,Cafe,Perenne,918.69,Maria Rojas,Comas,Premium,2025-10-22
228,2026-02-01,1,8.26,1011.39,15,Presencial,Efectivo,3,2494.09,,Zona 6,Villa El Salvador,SuR,Cacao,Perenne,1011.39,Ana Quispe,Lima,Nuevo,2025-07-05
229,2026-02-27,6,2.76,904.42,5,Telefono,Plin,1,1153.54,,Zona 6,Villa El Salvador,SuR,Papa blanca,Tuberculo,904.42,Carlos Campos,La Molina,Premium,2025-12-22
230,2026-05-16,6,35.08,573.46,15,Presencial,Yape,5,11219.49,,ZoNa 7,Independencia,Este,Cebolla,Hortaliza,573.46,  Raul Vargas ,Villa  El  Salvador,Frecuente, 2025-02-01 
231,,4,1.76,664.25,8,web,Efectivo, 1 ,863.92,Promocion,Zona 2,Independencia,Sur,Tomate,HORTALIZA,664.25,Lucia Huaman,Chorrillos,Frecuente,2025-06-05
232,2026-04-08,5,7.47,573.46,0,Presencial,Efectivo,2 aprox,2385.58,,Zona 2,Independencia,Sur,Cebolla,Hortaliza,573.46,Marco Soto,Miraflores,Frecuente,19/04/2025
233,2026-01-03,6,4.91,664.25,0,Presencial,Tarjeta,4,1471.16 aprox,Ok,Zona 6,Villa El Salvador,SuR,Tomate,HORTALIZA,664.25,Pedro Cruz,Callao,Regular,2025-12-21
234,2026-01-26,3,7.73,573.46,0,Web,Yape,5,2208.17 aprox,  Cliente frecuente ,zona 3,,Norte,Cebolla,Hortaliza,573.46,Victor Salazar,Independencia,Regular,2025-02-22
235,2026-06-07,8,7.78,676.84,0,Web,Transferencia,2,2687.35,OK,Zona 5,SAN JUAN DE LURIGANCHO,Este,Quinua,Grano,676.84,Diana Rojas,SaN MiGuEl,Frecuente,2025-10-07
236,2026-05-01,6,4.06,1637.63,,Web,Plin,5,1727.06,,Zona 6,Villa El Salvador,SuR,Arandano,Fruta,1637.63,Diego Rojas,Los Olivos,CoRpOrAtIvO,2025-04-22
237,2026-04-13, 2 ,10.45,664.25,8,  Presencial ,Plin,3,3172.49,Promocion,  Zona 4 ,Lima,Norte,Tomate,HORTALIZA,664.25,Maria Castillo,Miraflores,Premium,2025-10-24
238,2026-06-02,1,11.59,664.25,0 aprox,WhatsApp,Plin,1,3723.47,OK,Zona 1,Independencia,Este,Tomate,HORTALIZA,664.25,  Pedro Soto ,Lima,Corporativo,2025-04-13
239,2026-03-22,5,4.69,1011.39,5,WhatsApp,efectivo,3,"1845,87",Promocion,Zona 6,Villa El Salvador,SuR,Cacao,Perenne,1011.39,,Miraflores,Premium,2025-04-02
240,05/02/2026,6,9.61,664.25,10,WhatsApp,Tarjeta,1,3249.19,Promocion,Zona 2,Independencia,Sur,Tomate,HORTALIZA,664.25,Claudia Salazar,Independencia,  Nuevo ,15-08-2025
241,2026-06-05,2,3.91,1637.63,0,App,Efectivo,3,1620.9,Promocion,  Zona 4 ,Lima,Norte,Arandano,Fruta,1637.63,Fiorella Sayan,Miraflores,,2025-08-04
242,2026-05-28, 4 ,6.16,1011.39,8,Web,Efectivo,5,2180.31,,Zona 5,SAN JUAN DE LURIGANCHO,Este,Cacao,Perenne,1011.39,Maria Rojas,Comas,Premium,2025-10-22
243,,3,6.13,904.42,20,Presencial,transferencia,4,2453.68,OK,Zona 2,Independencia,Sur,Papa blanca,Tuberculo,904.42,Ana Castillo,Surco,Premium,2025-11-21
244,2026-03-17,8,4.96,1301.39,5,Telefono,Tarjeta,3,1975.42 aprox,,Zona 6,Villa El Salvador,SuR,Palta,Fruta,1301.39,Diana Rojas,SaN MiGuEl,Frecuente,2025-10-07
245,2026-06-16,6,5.44,664.25,10,Telefono,Transferencia,5,2275.26,,Zona 5,SAN JUAN DE LURIGANCHO,Este,Tomate,HORTALIZA,664.25,Miguel Gomez,Villa El Salvador,Premium,2025-10-17
246,2026-04-26,6,2.74,676.84,0,Web,YAPE,3,1191.33,OK,Zona 5,SAN JUAN DE LURIGANCHO,Este,Quinua,Grano,676.84,Elena Paredes,Surco,Premium,2025-10-08
247,2026-05-24,2,6.09,573.46,15,Web,Yape,3,1986.63,OK,Zona 5,SAN JUAN DE LURIGANCHO,Este,Cebolla,Hortaliza,573.46,,San Juan de Lurigancho,Regular,2025-03-16
248,2026-04-21,8,"5,08",S/ 1301.39,20,Telefono,Efectivo,3,1769.44 aprox,,Zona 6,Villa El Salvador,SuR,Palta,Fruta,1301.39,Ana Sayan,San Juan de Lurigancho,Nuevo,2025-01-01
249,2026-05-27,3,2.01,1301.39,0,Telefono,,3,1012.57,   ,Zona 5,SAN JUAN DE LURIGANCHO,Este,Palta,Fruta,1301.39,Diana Paredes,,Nuevo,2025-06-22
250,2026-06-20,5,7.04,573.46,12,Web,efectivo,4,"2421,31",PrOmOcIoN,Zona 1,Independencia,Este,Cebolla,Hortaliza,573.46,Ana Ramos,CaLlAo,Nuevo,2025-10-18
251,2026-03-10,3,4.94,664.25,10,Telefono,PLIN,4,1820.6,Cliente frecuente,Zona 1,Independencia,Este,Tomate,HORTALIZA,664.25,Raul Cruz,Ventanilla,Premium,2025-06-23
252,2026-01-23,8, 5.34 ,918.69,20,Presencial,Tarjeta,1,1816.18,Cliente frecuente,Zona 6,Villa El Salvador,SuR,Cafe,Perenne,918.69,Valeria Vargas,Los  Olivos,Frecuente,2025-11-23
253,2026-01-26,8, 7.29 ,918.69,0,Web,YAPE,4,2357.33,,ZoNa 7,Independencia,Este,Cafe,Perenne,918.69,carlos rojas,Villa El Salvador,  Premium , 2025-04-26 
254,2026-05-24,3,5.34,1637.63,5,Presencial,  Tarjeta ,3,,,zona 3,,Norte,Arandano,Fruta,1637.63,Diego Sayan,San Juan de Lurigancho,Frecuente,2025-05-12
255,2026-05-21,6,10.54, 1301.39 ,12,telefono,Tarjeta,1,3832.58,Promocion,  Zona 4 ,Lima,Norte,Palta,Fruta,1301.39,Pedro Cruz,Callao,Regular,2025-12-21
256,2026-05-09,8,6.14,1011.39,20,Web,Plin,4,2183.97,Cliente frecuente,Zona 2,Independencia,Sur,Cacao,Perenne,1011.39,raul flores,SURCO,regular, 2025-10-28 
257,2026-04-01,6,4.36,676.84,10,Presencial,Tarjeta,,1785.45,,Zona 1,Independencia,Este,Quinua,Grano,676.84,Miguel Rojas,CALLAO,,2025-11-18
258,2026-04-09,3,2.6,918.69,0,Web,YAPE,1,949.41,Revisar,ZoNa 7,Independencia,Este,Cafe,Perenne,918.69,carlos rojas,Villa El Salvador,  Premium , 2025-04-26 
259,2026-03-28,3,1.01,904.42,0,App,efectivo,4,624.35,OK,Zona 5,SAN JUAN DE LURIGANCHO,Este,Papa blanca,Tuberculo,904.42,Fiorella Cruz,La Molina,  Premium ,2025-08-01
260,2026-05-26,3,2.49,676.84,15,  Telefono ,,4,1067.74,,ZoNa 7,Independencia,Este,Quinua,Grano,676.84,Elena Quispe,Los Olivos,Regular,2025-01-13
261,2026-06-27,1,1.51,676.84,0,  Telefono ,Yape,4,622.45,,Zona 2,Independencia,Sur,Quinua,Grano,676.84,Ana Ramos,CaLlAo,Nuevo,2025-10-18
262,2026-04-14,,8.18 aprox,722.17,8,Telefono,Plin,2,2766.41,Cliente frecuente,Zona 1,Independencia,Este,Maiz amarillo,Cereal,722.17,VALERIA FLORES,La Molina,  Regular ,2025-06-10
263,2026-05-26,7,9.4,"664,25",20,WhatsApp,Plin,5,3147.47,Promocion,Zona 2,Independencia,Sur,Tomate,HORTALIZA,664.25,carlos rojas,Villa El Salvador,  Premium , 2025-04-26 
264,2026/05/24,4,10.62,904.42,8,Presencial,Tarjeta,5,3613.75,OK,Zona 2,Independencia,Sur,Papa blanca,Tuberculo,904.42,Fiorella Mendoza,Callao,Corporativo,27/10/2025
265,2026-01-02,6,6.16,722.17,15,App,yape,2,S/ 1874.37,Promocion,Zona 5,SAN JUAN DE LURIGANCHO,Este,Maiz amarillo,Cereal,722.17,Claudia Cruz,San Juan de Lurigancho,Regular,2025-09-24
266,2026-01-08,8,9.62,1301.39,8,App,Efectivo,4,3439.49,Revisar,Zona 6,Villa El Salvador,SuR,Palta,Fruta,1301.39,Diana Torres,Villa El Salvador,Nuevo,2025-03-16
267,2026-02-08,5,8.44,1301.39,0,telefono,Yape,4,2856.28,Cliente frecuente,Zona 1,Independencia,Este,Palta,Fruta,1301.39,Sofia Mendoza,San Miguel,Regular,2025-11-08
268,2026-05-24,1,8.95,S/ 904.42,,WhatsApp,Tarjeta,5,3328.02,Cliente frecuente,zona 3,,Norte,Papa blanca,Tuberculo,904.42,  Pedro Soto ,Lima,Corporativo,2025-04-13
269,2026-06-24,8,7.64,918.69,0,WhatsApp,Plin,2, 2789.82 ,,Zona 2,Independencia,Sur,Cafe,Perenne,918.69,Sofia Ramos,Lima,Regular,2025-02-07
270,2026-03-09,8,4.7,1301.39,0,Presencial,Efectivo,,1571.07,Promocion,Zona 6,Villa El Salvador,SuR,Palta,Fruta,1301.39,Ana Quispe,Lima,Nuevo,2025-07-05
271,2026-03-25,2,5.57,1011.39,20,Web,Tarjeta,2,1944.57,ok,Zona 6,Villa El Salvador,SuR,Cacao,Perenne,1011.39,Raul Mendoza,Ate,REGULAR,2025-08-14
272,2026-01-06,2,0.71,664.25,12,Telefono,  Tarjeta ,2,474.02,Cliente frecuente,Zona 6,Villa El Salvador,SuR,Tomate,HORTALIZA,664.25,Ana Ramos,San Miguel,Premium,2025-03-22
273,2026-06-15,5,3.78 aprox,904.42,12,Telefono,Yape,5,1075.75,Revisar,Zona 5,SAN JUAN DE LURIGANCHO,Este,Papa blanca,Tuberculo,904.42,Fiorella Castillo,La Molina,Nuevo,2025-11-21
274,2026-05-24,5,10.06,1301.39,10,Web,Tarjeta,5,3552.83,OK,Zona 1,Independencia,Este,Palta,Fruta,1301.39,Lucia Cruz,La Molina,Frecuente,2025-08-25
275,2026-06-20,4,3.78,1637.63,0,WhatsApp,, 2 ,1398.85,,zona 3,,Norte,Arandano,Fruta,1637.63,Sofia Mendoza,San Miguel,Regular,2025-11-08
276,2026-03-17,8,"1,05",918.69,0,Telefono,Yape,1,647.87,,  Zona 4 ,Lima,Norte,Cafe,Perenne,918.69,Victor Salazar,Independencia,Regular,2025-02-22
277,2026-03-06,7,7.26,664.25,8,App,Transferencia,2,2783.48,Promocion,Zona 6,Villa El Salvador,SuR,Tomate,HORTALIZA,664.25,camila rojas,ventanilla,Regular,2025-12-06
278,2026-05-09, 8 ,,1301.39,0,Telefono,Yape,3,1195.77,Cliente frecuente,Zona 5,SAN JUAN DE LURIGANCHO,Este,Palta,Fruta,1301.39,Ana Castillo,Surco,Premium,2025-11-21
279,2026-06-22,6,11.81,722.17,12,WhatsApp,Efectivo,2,4129.32,OK,Zona 6,Villa El Salvador,SuR,Maiz amarillo,Cereal,722.17,Fiorella Navarro,Ate,premium,2025-03-01
280,2026-04-02,5,,"904,42",0,WhatsApp,Efectivo,4,1423.66,Revisar,Zona 2,Independencia,Sur,Papa blanca,Tuberculo,904.42,Elena Quispe,Los Olivos,Regular,2025-01-13
281,2026-02-27,5,11.67,904.42,0,WhatsApp,Tarjeta,2,3985.28,Cliente frecuente,Zona 2,Independencia,Sur,Papa blanca,Tuberculo,904.42,Fiorella Cruz,La Molina,  Premium ,2025-08-01
282,2026-06-26,7,3.13,1637.63,5,Web,Efectivo,4,1124.95,,Zona 1,Independencia,Este,Arandano,Fruta,1637.63,Claudia Reyes,San Miguel,  Premium ,2025-01-02
283,2026-06-22,6,9.9,664.25,0,Presencial,  Plin ,3,"3183,86",Revisar,ZoNa 7,Independencia,Este,Tomate,HORTALIZA,664.25,Valeria Castillo,San Miguel,Frecuente,2025-07-21
284,2026-04-16,6,10.0,664.25,0,Presencial,Efectivo,5,3629.18,Promocion,Zona 1,Independencia,Este,Tomate,HORTALIZA,664.25,  Carlos Vargas ,Ate,  Frecuente ,2025-07-21
285,2026-04-07,4,9.42,1301.39,0,WhatsApp,Transferencia,5,S/ 3159.88,Cliente frecuente,Zona 2,Independencia,Sur,Palta,Fruta,1301.39,Luis Huaman,Ventanilla,Frecuente,2025-01-19
286,2026-05-05,3,3.17,664.25,15,WhatsApp,Efectivo,5,1133.12,,Zona 6,Villa El Salvador,SuR,Tomate,HORTALIZA,664.25,  Pedro Soto ,Lima,Corporativo,2025-04-13
287,2026/02/17,2,2.54,904.42,8 aprox,Presencial,Plin,2,941.87,Cliente frecuente,zona 3,,Norte,Papa blanca,Tuberculo,904.42,Maria Castillo,Miraflores,Premium,2025-10-24
288,2026-04-28,6,6.43,918.69,10,Presencial,Plin,4,2494.18,OK,Zona 2,Independencia,Sur,Cafe,Perenne,918.69,Jose Sayan,Callao,Regular,2025-01-08
289,2026-05-07,4,9.34,904.42,0,Telefono,Transferencia,3,2612.63,PrOmOcIoN,ZoNa 7,Independencia,Este,Papa blanca,Tuberculo,904.42,Claudia Paredes,ventanilla,Frecuente,2025-03-10
290,,8,7.56, 904.42 ,0,App,Efectivo,3,2647.05,Revisar,Zona 2,Independencia,Sur,Papa blanca,Tuberculo,904.42,Marco Huaman,surco,Frecuente,2025-02-17
291,2026-01-09,4,"4,95",722.17,0,App,Efectivo,3,1603.81 aprox,,Zona 6,Villa El Salvador,SuR,Maiz amarillo,Cereal,722.17,Diego Flores,Ate,,2025-06-06
292,2026-03-08,4,20.1,,20,Presencial,Efectivo,5,6516.58,cliente frecuente,Zona 1,Independencia,Este,Maiz amarillo,Cereal,722.17,Jorge Mendoza,SaN MiGuEl,Frecuente,2025-09-07
293,2026-04-21,1,5.1,1637.63,8,App,Transferencia,1,1848.65,OK,zona 3,,Norte,Arandano,Fruta,1637.63,,Miraflores,Premium,2025-04-02
294,,6,1.94,1011.39 aprox,12,App,Tarjeta,4,753.33,Revisar,ZoNa 7,Independencia,Este,Cacao,Perenne,1011.39,Fiorella Mendoza,Callao,Corporativo,27/10/2025
295,2026-01-01,8,5.02,573.46,20,Web,Transferencia,2,2014.14,,Zona 6,Villa El Salvador,SuR,Cebolla,Hortaliza,573.46,Andre Salazar,La Molina,Corporativo,2025-04-20
296,2026-01-22,5,7.19,573.46,0,WhatsApp,Transferencia,2,2528.26,  Revisar ,Zona 2,Independencia,Sur,Cebolla,Hortaliza,573.46,Raul Soto,Comas,Corporativo,2025-09-19
297,05/02/2026,6,9.61,664.25,10,WhatsApp,Tarjeta,1,3249.19,Promocion,Zona 2,Independencia,Sur,Tomate,HORTALIZA,664.25,Claudia Salazar,Independencia,  Nuevo ,15-08-2025
298,08-01-2026,6,2.46,918.69, 0 ,,Tarjeta,5,1255.14,,Zona 6,Villa El Salvador,SuR,Cafe,Perenne,918.69,Diana Sayan,Miraflores,Regular,16/09/2025
299,2026-02-04,2,3.63,1011.39,5,WhatsApp,Tarjeta,4,1329.44,Revisar,Zona 2,Independencia,Sur,Cacao,Perenne,1011.39,Jose Huaman,Lima,Nuevo,2025-09-21
300,2026-03-18,1,10.06,,8,APP,Plin,1,3105.35,Revisar,Zona 2,Independencia,Sur,Maiz amarillo,Cereal,722.17,Rocio Campos,AtE,Frecuente,2025-03-13
301,2026-03-15,5,11.99,722.17,5,Telefono,  Plin ,4,3836.03,OK,Zona 5,SAN JUAN DE LURIGANCHO,Este,Maiz amarillo,Cereal,722.17,Marco Soto,Miraflores,Frecuente,19/04/2025
302,2026-01-17,7,10.91,,0,ApP,Tarjeta,3,3598.03,OK,Zona 1,Independencia,Este,Maiz amarillo,Cereal,722.17,Raul Ramos,villa el salvador,Premium,2025-06-01
303,2026-01-16,2,7.84,573.46,15,App,YAPE,2,2321.08,Cliente frecuente,ZoNa 7,Independencia,Este,Cebolla,Hortaliza,573.46,Rocio Reyes,San Miguel,Regular,2025-06-19
304,2026-02-03,7,1.49,1011.39,,WhatsApp,Yape,1,1104.65,Promocion,Zona 5,SAN JUAN DE LURIGANCHO,Este,Cacao,Perenne,1011.39,Lucia  Huaman,Los  Olivos,Corporativo,2025-05-16
305,2026-04-28,7,0.87,1637.63,8,Presencial,Efectivo,3, 1081.64 ,Revisar,Zona 6,Villa El Salvador,SuR,Arandano,Fruta,1637.63,Ana Castillo,Surco,Premium,2025-11-21
306,2026-01-19,5,2.24,1301.39,12,  WhatsApp ,Plin,5,881.08,  Promocion ,  Zona 4 ,Lima,Norte,Palta,Fruta,1301.39,Maria Rojas,Comas,Premium,2025-10-22
307,2026-06-08,7,10.75,664.25,0,App,Yape,4,3770.78,Revisar,Zona 5,SAN JUAN DE LURIGANCHO,Este,Tomate,HORTALIZA,664.25,Elena Mendoza,La Molina,Premium,2025-03-18
308,2026-05-21,7,8.48 aprox,722.17,8,App,Transferencia,5,2972.27,,Zona 2,Independencia,Sur,Maiz amarillo,Cereal,722.17,Jose Mendoza,  Lima ,NuEvO,2025-06-25
309,2026-05-22,8 aprox,10.14,,5 aprox,WhatsApp,,4 aprox,3659.97,Promocion,Zona 1,Independencia,Este,Arandano,Fruta,1637.63,Maria Rojas,Comas,Premium,2025-10-22
310,2026-03-18,4,5.02,664.25, 12 ,Telefono,Efectivo,2,1937.39,Revisar,Zona 5,SAN JUAN DE LURIGANCHO,Este,Tomate,HORTALIZA,664.25,Claudia Paredes,ventanilla,Frecuente,2025-03-10
311,2026-02-25,1,3.62 aprox,573.46,5,Telefono,Plin,3,1072.37,,Zona 2,Independencia,Sur,Cebolla,Hortaliza,573.46,Valeria Soto,Ventanilla,Frecuente,2025-08-24
312,23-02-2026,7,5.01,904.42 aprox,12,App,Plin,1,1809.48,Promocion,Zona 6,Villa El Salvador,SuR,Papa blanca,Tuberculo,904.42,Elena Flores,Surco,Nuevo,16/05/2025
313,2026-06-09, 8 ,6.45,722.17,0,WhatsApp,Plin,,2211.01,OK,Zona 1,Independencia,Este,Maiz amarillo,Cereal,722.17,Rocio Reyes,San Miguel,Regular,2025-06-19
314,2026-06-27,7,3.78,1011.39,8,App,Yape,,1808.93,OK,  Zona 4 ,Lima,Norte,Cacao,Perenne,1011.39,Fiorella Cruz,La Molina,  Premium ,2025-08-01
315,2026-02-18,7,8.74,664.25,8,Presencial,Plin,4,3038.63,Cliente frecuente,ZoNa 7,Independencia,Este,Tomate,HORTALIZA,664.25,Sofia Ramos,Lima,Regular,2025-02-07
316,2026-05-17,7,0.69,904.42,10,Web,Tarjeta,2,757.63,Cliente frecuente,ZoNa 7,Independencia,Este,Papa blanca,Tuberculo,904.42,Raul Cruz,Ventanilla,Premium,2025-06-23
317,2026-01-26,7,6.62,722.17,0,Presencial,Plin,4,2145.73,Cliente frecuente,Zona 6,Villa El Salvador,SuR,Maiz amarillo,Cereal,722.17,Lucia  Huaman,Los  Olivos,Corporativo,2025-05-16
318,2026-05-20,7,7.0,S/ 918.69,20,Presencial,Efectivo,3,2768.34,Cliente frecuente,Zona 2,Independencia,Sur,Cafe,Perenne,918.69,Valeria Castillo,San Miguel,Frecuente,2025-07-21
319,2026-03-19,6,5.98,676.84,5,Telefono,Transferencia,3,2169.15,Cliente frecuente,  Zona 4 ,Lima,Norte,Quinua,Grano,676.84,Marco Castillo,Villa El Salvador,Premium,2025-05-16
320,2026-05-26,1,10.34,722.17 aprox,5,,TRANSFERENCIA,4,3210.34,  OK ,Zona 5,SAN JUAN DE LURIGANCHO,Este,Maiz amarillo,Cereal,722.17,Diego Rojas,Los Olivos,CoRpOrAtIvO,2025-04-22
321,2026-06-03,3,6.57,573.46,8,PRESENCIAL,Plin,4,2208.8,ok,Zona 2,Independencia,Sur,Cebolla,Hortaliza,573.46,Camila Ramos,CoMaS,Regular,2025-09-17
322,2026-04-25,7,7.98,573.46,0,App,Efectivo,1,2691.38,OK,Zona 1,Independencia,Este,Cebolla,Hortaliza,573.46,Claudia Reyes,San Miguel,  Premium ,2025-01-02
323,2026-02-13,3,2.34,676.84,0,Presencial,Yape,4,1006.77,Revisar,ZoNa 7,Independencia,Este,Quinua,Grano,676.84,Jose Huaman,Lima,Nuevo,2025-09-21
324,2026-01-16,2,"1,31",1637.63,8,Telefono,Transferencia,5,799.36,,Zona 5,SAN JUAN DE LURIGANCHO,Este,Arandano,Fruta,1637.63,Luis Huaman,Ventanilla,Frecuente,2025-01-19
325,2026-03-27,6 aprox,2.06,918.69,,ApP,  Plin ,5,709.36,,Zona 5,SAN JUAN DE LURIGANCHO,Este,Cafe,Perenne,918.69,Jose Sayan,Callao,Regular,2025-01-08
326,2026-05-16,6,1.86,573.46,0,Web,Tarjeta,2,"1008,96",Cliente frecuente,  Zona 4 ,Lima,Norte,Cebolla,Hortaliza,573.46,Valeria Gomez,San Juan de Lurigancho,Nuevo,2025-04-03
327,2026-04-11,5,,904.42,12,Web,  Yape ,2,3253.09,,Zona 5,SAN JUAN DE LURIGANCHO,Este,Papa blanca,Tuberculo,904.42,Raul Ramos,villa el salvador,Premium,2025-06-01
328,,6,1.71,918.69,15,Telefono,Plin,2,599.58,Cliente frecuente,  Zona 4 ,Lima,Norte,Cafe,Perenne,918.69,camila rojas,ventanilla,Regular,2025-12-06
329,2026-01-26,4,9.44,573.46,5,WeB,Yape,3,3287.89,OK,Zona 1,Independencia,Este,Cebolla,Hortaliza,573.46,Maria Rojas,Comas,Premium,2025-10-22
330,2026-01-25,2,10.12,722.17,20 aprox,App,Efectivo,4,3310.12,,  Zona 4 ,Lima,Norte,Maiz amarillo,Cereal,722.17,  Raul Vargas ,Villa  El  Salvador,Frecuente, 2025-02-01 
331,2026-05-07,5,11.39,1301.39,,Telefono,TrAnSfErEnCiA,4,3709.02,Promocion,Zona 6,Villa El Salvador,SuR,Palta,Fruta,1301.39,Maria Castillo,Miraflores,Premium,2025-10-24
332,2026-02-13,7,1.6,573.46,20,WhatsApp,plin,4,531.32,,Zona 2,Independencia,Sur,Cebolla,Hortaliza,573.46,Diego Reyes,Surco,Premium,2025-07-05
333,2026-06-12,7,6.19,918.69,10,telefono,Yape,2,2295.56,,Zona 6,Villa El Salvador,SuR,Cafe,Perenne,918.69,,,Premium,2025-02-11
334,18/03/2026,7,1.55,1301.39,8,Telefono,Transferencia,2,776.21,Cliente frecuente,Zona 6,Villa El Salvador,SuR,Palta,Fruta,1301.39,  Carlos Vargas ,Ate,  Frecuente ,2025-07-21
335,2026-03-11,4,3.36,1637.63,0,Presencial,Transferencia,2,1489.47,Revisar,Zona 2,Independencia,Sur,Arandano,Fruta,1637.63,Sofia Ramos,Lima,Regular,2025-02-07
336,2026/03/01,6 aprox,2.01,573.46,15,presencial,PlIn,1,S/ 588.34,Revisar,zona 3,,Norte,Cebolla,Hortaliza,573.46,Maria Campos,lima,Regular,2025-07-17
337,2026-01-23,2 aprox,3.67, 1637.63 ,20,App,Tarjeta,4,1440.33,Promocion,Zona 1,Independencia,Este,Arandano,Fruta,1637.63,Rocio Campos,AtE,Frecuente,2025-03-13
338,2026-03-05,8,11.23,1301.39,0,WhatsApp,Tarjeta,3,3810.94,Cliente frecuente,Zona 6,Villa El Salvador,SuR,Palta,Fruta,1301.39,Jose Mendoza,  Lima ,NuEvO,2025-06-25
339,2026-06-27,1,2.05,1011.39,15,Web,Transferencia,5,923.53,,Zona 6,Villa El Salvador,SuR,Cacao,Perenne,1011.39,Carlos Torres,Miraflores,nuevo,2025-08-13
340,2026-04-21,4,5.48,664.25,0,,Efectivo,4,1987.25,Promocion,Zona 6,Villa El Salvador,SuR,Tomate,HORTALIZA,664.25,Diana Cruz,Ate,Frecuente,2025-10-05
341,2026-01-12,1,7.54,1301.39,15,Web,Efectivo,5,2730.1,Cliente frecuente,  Zona 4 ,Lima,Norte,Palta,Fruta,1301.39,Diego Sayan,San Juan de Lurigancho,Frecuente,2025-05-12
342,2026-03-06, 6 ,6.25,1637.63,0,APP,Efectivo,3,2331.97,Cliente frecuente,  Zona 4 ,Lima,Norte,Arandano,Fruta,1637.63,Valeria Vargas,Los  Olivos,Frecuente,2025-11-23
343,2026-05-28,7,4.71,1011.39 aprox,10,Telefono,Yape,4,1650.35,,Zona 2,Independencia,Sur,Cacao,Perenne,1011.39,Claudia Salazar,Independencia,  Nuevo ,15-08-2025
344,2026-06-14,1,9.51,664.25,5,App,Yape,1,3222.62,OK,Zona 6,Villa El Salvador,SuR,Tomate,HORTALIZA,664.25,Elena Paredes,Surco,Premium,2025-10-08
345,2026-06-09,8,7.34,904.42,10,App,Yape,4,2521.61,,zona 3,,Norte,Papa blanca,Tuberculo,904.42,Miguel Gomez,Villa El Salvador,Premium,2025-10-17
346,15-03-2026,4, 0.6 ,S/ 1301.39,0,Presencial,Plin,5,430.52,OK,Zona 2,Independencia,Sur,Palta,Fruta,1301.39,Fiorella Cruz,La Molina,  Premium ,2025-08-01
347,2026-05-14,6,7.4,664.25,10,WhatsApp,  Efectivo ,4,2556.61,OK,Zona 6,Villa El Salvador,SuR,Tomate,HORTALIZA,664.25,Lucia Cruz,La Molina,Frecuente,2025-08-25
348,2026-06-02,7,5.7,S/ 1011.39,12,App,Plin,3,1981.2,Revisar,Zona 2,Independencia,Sur,Cacao,Perenne,1011.39,Elena Vargas,Ventanilla,Regular,2025-02-15
349,2026-05-13,2,7.19,1301.39,0,WhatsApp,Efectivo,1,2518.31,Revisar,Zona 6,Villa El Salvador,SuR,Palta,Fruta,1301.39,Marco Huaman,surco,Frecuente,2025-02-17
350, 2026-05-14 ,6,9.89,664.25,5,Telefono,Tarjeta,5,3255.57,OK,Zona 6,Villa El Salvador,SuR,Tomate,HORTALIZA,664.25,Ana Ramos,San Miguel,Premium,2025-03-22
351,2026-04-05,8,1.01,918.69,10,WhatsApp,Tarjeta,4,545.91,Promocion,Zona 5,SAN JUAN DE LURIGANCHO,Este,Cafe,Perenne,918.69,Claudia Soto,Ate,Nuevo,2025-07-21
352,2026-03-20,7,6.27,918.69,5,Web,Yape,3,2247.35,Promocion,Zona 6,Villa El Salvador,SuR,Cafe,Perenne,918.69,Rocio Campos,AtE,Frecuente,2025-03-13
353,2026-05-17,2,9.46,1301.39,5,Telefono,Transferencia,2,3085.28,OK,  Zona 4 ,Lima,Norte,Palta,Fruta,1301.39,Camila Ramos,CoMaS,Regular,2025-09-17
354,2026-03-26,1,8.18,1011.39,0,WhatsApp,Yape,5,"2657,12",ReViSaR,Zona 2,Independencia,Sur,Cacao,Perenne,1011.39,Diego Reyes,Surco,Premium,2025-07-05
355,2026-04-16,2,"2,78", 573.46 ,0,Web,Tarjeta,3,1035.03,,zona 3,,Norte,Cebolla,Hortaliza,573.46,  Raul Vargas ,Villa  El  Salvador,Frecuente, 2025-02-01 
356,2026-04-25,5,3.4 aprox,676.84,12,Presencial,EfEcTiVo,2,"1339,22",OK,  Zona 4 ,Lima,Norte,Quinua,Grano,676.84,Elena Quispe,Los Olivos,Regular,2025-01-13
357,2026-04-02, 5 ,5.47,722.17,0,app,Tarjeta,1,1603.06,,zona 3,,Norte,Maiz amarillo,Cereal,722.17,Fiorella Ramos,Los Olivos,  Frecuente ,2025-01-16
358,2026-05-12,6,7.8,918.69,8 aprox,app,Yape,2,2962.48,OK,Zona 2,Independencia,Sur,Cafe,Perenne,918.69,Fiorella Cruz,La Molina,  Premium ,2025-08-01
359,2026-02-19,7,7.5,722.17,0,,Plin,1 aprox,2462.67,,  Zona 4 ,Lima,Norte,Maiz amarillo,Cereal,722.17,Claudia Salazar,Independencia,  Nuevo ,15-08-2025
360,2026-03-09,4,5.49,1011.39,15,Telefono,,3,2149.98 aprox,Promocion,zona 3,,Norte,Cacao,Perenne,1011.39,Maria Flores,  Ate ,Premium,2025-03-26
361,2026-06-19,1,9.62,664.25,0,Presencial,Plin,3,3323.53,Promocion,  Zona 4 ,Lima,Norte,Tomate,HORTALIZA,664.25,Miguel Gomez,Villa El Salvador,Premium,2025-10-17
362, 2026-05-01 ,6,3.98,676.84,0,Web,Tarjeta,3,1682.36,Promocion,zona 3,,Norte,Quinua,Grano,676.84,Raul Salazar,independencia,Nuevo,2025-01-11
363,2026-02-13,7,7.77,573.46,12,App,Yape,3,2668.35,Revisar,zona 3,,Norte,Cebolla,Hortaliza,573.46,Camila Paredes,San  Juan  de  Lurigancho,regular,2025-07-01
364,2026-04-25,3,8.26,664.25,12,Telefono,Yape,5,S/ 2764.9,Revisar,Zona 2,Independencia,Sur,Tomate,HORTALIZA,664.25,Elena Vargas,Ventanilla,Regular,2025-02-15
365,,3 aprox,5.17,573.46,5,Telefono,Efectivo,1,1622.41,,Zona 1,Independencia,Este,Cebolla,Hortaliza,573.46,Lucia Cruz,La Molina,Frecuente,2025-08-25
366,2026-06-13,6,1.74 aprox,1301.39,12,WhatsApp,Plin,5,1132.98,OK,Zona 5,SAN JUAN DE LURIGANCHO,Este,Palta,Fruta,1301.39,Valeria Vargas,Los  Olivos,Frecuente,2025-11-23
367,2026-02-15,6,5.27,"664,25",8,WhatsApp,Transferencia, 1 ,1822.17,,Zona 2,Independencia,Sur,Tomate,HORTALIZA,664.25,Fiorella Ramos,Los Olivos,  Frecuente ,2025-01-16
368,2026-05-12,6,11.96,1637.63,10,WhatsApp,,5,3977.14,OK,Zona 1,Independencia,Este,Arandano,Fruta,1637.63,Carlos Torres,Miraflores,nuevo,2025-08-13
369,2026-05-11,1,11.17, 918.69 ,8,App,TrAnSfErEnCiA,4,3707.65,,ZoNa 7,Independencia,Este,Cafe,Perenne,918.69,Diego Sayan,San Juan de Lurigancho,Frecuente,2025-05-12
370,2026-06-27, 6 ,10.1,918.69,10,WhatsApp,Tarjeta,5,3321.67,Promocion,Zona 2,Independencia,Sur,Cafe,Perenne,918.69,Marco Soto,Miraflores,Frecuente,19/04/2025
371,2026-05-01,3,7.79,S/ 664.25,0,Presencial,Yape,1,2352.69,OK,ZoNa 7,Independencia,Este,Tomate,HORTALIZA,664.25,Ana Castillo,Surco,Premium,2025-11-21
372,2026/01/07,4,1.79,573.46 aprox,12,Web,yape,,826.86,Revisar,  Zona 4 ,Lima,Norte,Cebolla,Hortaliza,573.46,Fiorella Castillo,La Molina,Nuevo,2025-11-21
373,2026-02-12,3 aprox,5.43,1301.39,0,Web,Tarjeta,2,1874.92,Promocion,Zona 1,Independencia,Este,Palta,Fruta,1301.39,Diana Torres,comas,Premium,2025-12-08
374,2026-06-25,6, 8.88 , 664.25 ,0,Web,Tarjeta,1,2897.97,,ZoNa 7,Independencia,Este,Tomate,HORTALIZA,664.25,  Pedro Soto ,Lima,Corporativo,2025-04-13
375,2026-03-28,6,4.99,1637.63,0,App,EFECTIVO,3,1893.33,Revisar,  Zona 4 ,Lima,Norte,Arandano,Fruta,1637.63,,Callao,Frecuente,2025-04-16
376,2026-06-02,8,"8,51",1011.39,12,  Web ,Tarjeta,5,3028.73,OK,zona 3,,Norte,Cacao,Perenne,1011.39,Diego Rojas,Los Olivos,CoRpOrAtIvO,2025-04-22
377,2026-01-05,5,8.8,1637.63,0,Presencial,Tarjeta,3,2932.19,Promocion,  Zona 4 ,Lima,Norte,Arandano,Fruta,1637.63,Camila Paredes,San  Juan  de  Lurigancho,regular,2025-07-01
378,2026-02-04,4,5.76,"573,46",0,App,Yape,5,1848.18,Revisar,Zona 6,Villa El Salvador,SuR,Cebolla,Hortaliza,573.46,Maria Castillo,Miraflores,Premium,2025-10-24
379,2026-02-28,4,8.79,573.46,0,Presencial,Transferencia,1,3351.25,OK,Zona 2,Independencia,Sur,Cebolla,Hortaliza,573.46,Luis Reyes,Comas,Nuevo,2025-01-26
380,2026-02-23,3,1.57,1637.63,8,WhAtSaPp,Yape,5,799.76,,Zona 1,Independencia,Este,Arandano,Fruta,1637.63,,,Premium,2025-02-11
381,2026-02-21,2,4.12,1011.39,,Telefono,Yape,4,1555.48,,  Zona 4 ,Lima,Norte,Cacao,Perenne,1011.39,Elena Paredes,Surco,Premium,2025-10-08
382,2026-05-21,5,6.38,573.46,15,Web,Plin,2,2529.62,Revisar,Zona 6,Villa El Salvador,SuR,Cebolla,Hortaliza,573.46,Andre Salazar,La Molina,Corporativo,2025-04-20
383,2026/04/04, 4 ,5.57,722.17,0,WhatsApp,Tarjeta,3,1921.95,Promocion,zona 3,,Norte,Maiz amarillo,Cereal,722.17,  Raul Vargas ,Villa  El  Salvador,Frecuente, 2025-02-01 
384,2026-03-24,1,10.13,676.84,5,Presencial,Efectivo,2,3459.75,Promocion,Zona 1,Independencia,Este,Quinua,Grano,676.84,Camila Paredes,San  Juan  de  Lurigancho,regular,2025-07-01
385,2026/01/16,8,6.42,1011.39,15,Presencial,Tarjeta,1,2569.12,OK,Zona 2,Independencia,Sur,Cacao,Perenne,1011.39,Raul Cruz,Ventanilla,Premium,2025-06-23
386,2026-06-01,4, 11.03 ,573.46, 8 ,WhAtSaPp,Transferencia,2,3628.8 aprox,,ZoNa 7,Independencia,Este,Cebolla,Hortaliza,573.46,  Carlos Vargas ,Ate,  Frecuente ,2025-07-21
387,2026-05-27,3,4.74,573.46,0,Telefono,Yape,2,1704.34,Promocion,Zona 2,Independencia,Sur,Cebolla,Hortaliza,573.46,Fiorella Sayan,Miraflores,,2025-08-04
388,2026-03-18,1,,664.25,15,APP,Efectivo,5,1771.15,,  Zona 4 ,Lima,Norte,Tomate,HORTALIZA,664.25,Diego Flores,Ate,,2025-06-06
389,2026-02-11,3,0.51,676.84 aprox, 0 ,  Presencial ,Tarjeta, 3 ,351.04,Cliente frecuente,Zona 2,Independencia,Sur,Quinua,Grano,676.84,  Raul Vargas ,Villa  El  Salvador,Frecuente, 2025-02-01 
390,2026-04-25,1,7.39,1011.39,8,telefono,transferencia,2,2575.55,Revisar,zona 3,,Norte,Cacao,Perenne,1011.39,Diana Torres,Villa El Salvador,Nuevo,2025-03-16
391,2026-03-24,3,9.03,1637.63,15,  Telefono ,Plin,2,3420.6,Promocion,  Zona 4 ,Lima,Norte,Arandano,Fruta,1637.63,Elena Paredes,Surco,Premium,2025-10-08
392,2026-03-03,3,0.52,,15,App,Yape,3,98.35,Promocion,  Zona 4 ,Lima,Norte,Tomate,HORTALIZA,664.25,Diana Torres,comas,Premium,2025-12-08
393,2026-02-04,8,"0,82",904.42,20,Telefono,Transferencia,3,484.99,Promocion,Zona 5,SAN JUAN DE LURIGANCHO,Este,Papa blanca,Tuberculo,904.42,Fiorella Ramos,Los Olivos,  Frecuente ,2025-01-16
394,2026-01-19, 2 ,4.86,1301.39,20,TeLeFoNo,Tarjeta,,1667.77,Promocion,Zona 2,Independencia,Sur,Palta,Fruta,1301.39,Raul Salazar,independencia,Nuevo,2025-01-11
395,2026-02-08,5,3.92,904.42,0,Web,Transferencia,1,S/ 1387.67,,Zona 5,SAN JUAN DE LURIGANCHO,Este,Papa blanca,Tuberculo,904.42,Elena Mendoza,La Molina,Premium,2025-03-18
396,2026-06-08,4,4.28,1301.39,12,WhatsApp,Efectivo,1,1330.75,Cliente frecuente,Zona 2,Independencia,Sur,Palta,Fruta,1301.39,Luis Huaman,Ventanilla,Frecuente,2025-01-19
397,2026-04-18,3, 6.54 ,676.84,15,Telefono,Yape,,2104.79,Cliente frecuente,ZoNa 7,Independencia,Este,Quinua,Grano,676.84,Maria Castillo,Miraflores,Premium,2025-10-24
398,13/04/2026,8,10.61,664.25,15,WhatsApp,TaRjEtA,1,3284.26,,Zona 1,Independencia,Este,Tomate,HORTALIZA,664.25,Luis Reyes,Comas,Nuevo,2025-01-26
399,2026-02-16,8,9.09,676.84,0,Presencial,Tarjeta,3,3036.42,,Zona 5,SAN JUAN DE LURIGANCHO,Este,Quinua,Grano,676.84,Maria Campos,lima,Regular,2025-07-17
400,03-05-2026,2,,664.25,10,App,Transferencia,2,1617.19 aprox,Cliente frecuente,  Zona 4 ,Lima,Norte,Tomate,HORTALIZA,664.25,Fiorella Cruz,La Molina,  Premium ,2025-08-01
401,2026-03-07,8,4.78,904.42,8,WhatsApp,Transferencia,5,1933.3,Promocion,ZoNa 7,Independencia,Este,Papa blanca,Tuberculo,904.42,Diana Rojas,SaN MiGuEl,Frecuente,2025-10-07
402,2026-01-22,6,10.55,1011.39,0,Telefono,Yape,4,3590.32,Promocion,Zona 1,Independencia,Este,Cacao,Perenne,1011.39,Raul Cruz,Ventanilla,Premium,2025-06-23
403,2026-03-03,2,7.88,722.17,20,Web,Tarjeta,1,2813.6,Revisar,zona 3,,Norte,Maiz amarillo,Cereal,722.17,Lucia Cruz,La Molina,Frecuente,2025-08-25
404,2026-01-01,3,10.53,918.69,0,Web,Plin,5,3305.83,Cliente frecuente,ZoNa 7,Independencia,Este,Cafe,Perenne,918.69,Ana Ramos,San Miguel,Premium,2025-03-22
405, 2026-03-27 ,3,7.91,,0,  WhatsApp ,Transferencia,1,2777.05,,ZoNa 7,Independencia,Este,Tomate,HORTALIZA,664.25,Diego Flores,Ate,,2025-06-06
406,2026-06-07,2,2.61,1637.63,10,App,Plin,2,868.8,Promocion,ZoNa 7,Independencia,Este,Arandano,Fruta,1637.63,Sofia Mendoza,San Miguel,Regular,2025-11-08
407,2026-03-04,4,4.47,918.69,15,Presencial,Efectivo,3,1603.6,,Zona 5,SAN JUAN DE LURIGANCHO,Este,Cafe,Perenne,918.69,Fiorella Cruz,La Molina,  Premium ,2025-08-01
408,2026-02-26,6,1.55,1637.63,8,  App ,Transferencia,1,766.06,Cliente frecuente,  Zona 4 ,Lima,Norte,Arandano,Fruta,1637.63,Jose Sayan,Callao,Regular,2025-01-08
409, 2026-06-16 ,1,10.58,722.17,,Telefono,Transferencia,1,3656.79,Revisar,Zona 6,Villa El Salvador,SuR,Maiz amarillo,Cereal,722.17,Victor Salazar,Independencia,Regular,2025-02-22
410,2026-03-17,1,1.74,573.46,15,  Web ,Efectivo,3, 535.3 ,Promocion,Zona 1,Independencia,Este,Cebolla,Hortaliza,573.46,Pedro Cruz,Callao,Regular,2025-12-21
411,2026-02-18,8,4.59,1301.39,0,Presencial,Yape,4,1668.99,Promocion,  Zona 4 ,Lima,Norte,Palta,Fruta,1301.39,Maria Flores,  Ate ,Premium,2025-03-26
412,2026/02/15,1,5.49,,10,WhatsApp,Efectivo,2,2204.44,OK,Zona 1,Independencia,Este,Cafe,Perenne,918.69,Fiorella Mendoza,Callao,Corporativo,27/10/2025
413,,6,10.69,1301.39,20,TeLeFoNo,Tarjeta,4,3451.34,Promocion,zona 3,,Norte,Palta,Fruta,1301.39,Lucia Cruz,La Molina,Frecuente,2025-08-25
414,2026-01-04,1,,573.46,10,WhatsApp,,5,2191.65,Revisar,ZoNa 7,Independencia,Este,Cebolla,Hortaliza,573.46,Maria Flores,  Ate ,Premium,2025-03-26
415,01-03-2026,5,8.46,573.46,15,Web,Plin,4,3192.65,Promocion,Zona 6,Villa El Salvador,SuR,Cebolla,Hortaliza,573.46,Luis Huaman,Ventanilla,Frecuente,2025-01-19
416,2026-03-24,4,,1301.39,20,Presencial,plin,3,2533.13,Promocion,Zona 5,SAN JUAN DE LURIGANCHO,Este,Palta,Fruta,1301.39,Maria Flores,  Ate ,Premium,2025-03-26
417,2026-04-19,2 aprox,10.99,664.25,0,,Transferencia,3,3609.71 aprox,Cliente frecuente,Zona 2,Independencia,Sur,Tomate,HORTALIZA,664.25,Miguel Gomez,Villa El Salvador,Premium,2025-10-17
418,2026-04-15,1,11.69,1301.39,20,App,EFECTIVO,2,3730.81,,Zona 2,Independencia,Sur,Palta,Fruta,1301.39,Jose Sayan,Callao,Regular,2025-01-08
419,,4,3.37,1301.39,12,App,plin,2,1125.77,,Zona 6,Villa El Salvador,SuR,Palta,Fruta,1301.39,Claudia Cruz,San Juan de Lurigancho,Regular,2025-09-24
420,2026-05-13,2,7.19,1301.39,0,WhatsApp,Efectivo,1,2518.31,Revisar,Zona 6,Villa El Salvador,SuR,Palta,Fruta,1301.39,Marco Huaman,surco,Frecuente,2025-02-17
421,2026-05-13, 2 ,6.1,664.25,5,TeLeFoNo,TRANSFERENCIA,3,2068.15,Revisar,  Zona 4 ,Lima,Norte,Tomate,HORTALIZA,664.25,Ana Castillo,Surco,Premium,2025-11-21
422,2026-04-24,1,0.99,1011.39,12,Telefono,Plin,1,,Revisar,Zona 1,Independencia,Este,Cacao,Perenne,1011.39,Diana Torres,comas,Premium,2025-12-08
423,2026-03-24,5,3.25,,12,App,Tarjeta,5,,OK,Zona 2,Independencia,Sur,Cebolla,Hortaliza,573.46,Victor Salazar,Independencia,Regular,2025-02-22
424,2026-04-14,3,4.72,1011.39,12,Web,Yape,3,1791.88 aprox,OK,Zona 6,Villa El Salvador,SuR,Cacao,Perenne,1011.39,Diana Sayan,Miraflores,Regular,16/09/2025
425,2026-03-27,1,6.58,664.25, 0 ,Telefono,Tarjeta,4,1815.76,ClIeNtE FrEcUeNtE,Zona 5,SAN JUAN DE LURIGANCHO,Este,Tomate,HORTALIZA,664.25,Victor Salazar,Independencia,Regular,2025-02-22
426,2026-06-18,4,7.05,722.17,12,Presencial,Efectivo,2,,OK,Zona 1,Independencia,Este,Maiz amarillo,Cereal,722.17,Fiorella Flores,La Molina,Frecuente,2025-12-09
427,2026-02-28,8 aprox,8.83,1637.63,0,  Web ,Tarjeta,4,2726.88,OK,Zona 1,Independencia,Este,Arandano,Fruta,1637.63,Claudia Soto,Ate,Nuevo,2025-07-21
428,2026-04-16,2,"2,78", 573.46 ,0,Web,Tarjeta,3,1035.03,,zona 3,,Norte,Cebolla,Hortaliza,573.46,  Raul Vargas ,Villa  El  Salvador,Frecuente, 2025-02-01 
429,2026-02-10,1,6.21,676.84,12,WeB,Plin,2,2108.37,Cliente frecuente,zona 3,,Norte,Quinua,Grano,676.84,camila rojas,ventanilla,Regular,2025-12-06
430,2026-03-11,7,1.67,676.84,12,App,Tarjeta,2,811.02,Cliente frecuente,Zona 2,Independencia,Sur,Quinua,Grano,676.84,Valeria Gomez,San Juan de Lurigancho,Nuevo,2025-04-03
431,2026-03-18,5,6.32,,15,presencial,Yape,2 aprox,2212.34,,Zona 2,Independencia,Sur,Papa blanca,Tuberculo,904.42,Elena Vargas,Ventanilla,Regular,2025-02-15
432,2026-03-23,7,11.2,918.69,5,App,  Efectivo ,2,3892.75,,Zona 2,Independencia,Sur,Cafe,Perenne,918.69,Camila Paredes,San  Juan  de  Lurigancho,regular,2025-07-01
433,2026-01-21,7,1.5,918.69,5,App,Yape,1,628.74,Promocion,Zona 5,SAN JUAN DE LURIGANCHO,Este,Cafe,Perenne,918.69,Rocio Campos,AtE,Frecuente,2025-03-13
434,2026-03-06,,9.02,722.17,12,App,,5,2937.07,,Zona 6,Villa El Salvador,SuR,Maiz amarillo,Cereal,722.17,Elena Paredes,Surco,Premium,2025-10-08
435,2026-06-13,,5.55,664.25,0,WhatsApp,Plin,5,2336.21,Promocion,Zona 5,SAN JUAN DE LURIGANCHO,Este,Tomate,HORTALIZA,664.25,Elena Quispe,Los Olivos,Regular,2025-01-13
436,20/02/2026,4,6.68,573.46 aprox,0,App,Tarjeta,3,2229.62,Promocion,  Zona 4 ,Lima,Norte,Cebolla,Hortaliza,573.46,,Miraflores,Premium,2025-04-02
437,2026-05-17,1,8.15,,0,APP,Tarjeta,4,2619.2,Ok,Zona 1,Independencia,Este,Palta,Fruta,1301.39,Diana Paredes,,Nuevo,2025-06-22
438,2026-02-15,1,5.84,904.42,15,Telefono,Tarjeta,2,1858.81,,Zona 5,SAN JUAN DE LURIGANCHO,Este,Papa blanca,Tuberculo,904.42,Claudia Reyes,San Miguel,  Premium ,2025-01-02
439,2026/01/22,4,7.28,904.42,0,Telefono,Yape,1,2715.05,OK,Zona 6,Villa El Salvador,SuR,Papa blanca,Tuberculo,904.42,Victor Salazar,Independencia,Regular,2025-02-22
440,2026-06-26,1, 6.75 ,676.84,5,telefono,Transferencia,1,2168.32,Cliente frecuente,  Zona 4 ,Lima,Norte,Quinua,Grano,676.84,Fiorella Sayan,Miraflores,,2025-08-04
441,21-03-2026,7,9.65,573.46,0,App,TrAnSfErEnCiA,3,3220.95,,zona 3,,Norte,Cebolla,Hortaliza,573.46,Jose Huaman,Lima,Nuevo,2025-09-21
442,2026-04-06,1,6.79,664.25,12,TeLeFoNo,  Efectivo ,4,2285.41,OK,Zona 2,Independencia,Sur,Tomate,HORTALIZA,664.25,Luis Reyes,Comas,Nuevo,2025-01-26
443,2026-02-20,1,10.07,573.46,0,WhatsApp,YAPE,5,3741.9,OK,Zona 2,Independencia,Sur,Cebolla,Hortaliza,573.46,Diana Torres,comas,Premium,2025-12-08
444,2026-05-10,6,2.9 aprox,722.17,8,Presencial,Plin,2, 1259.1 ,,Zona 6,Villa El Salvador,SuR,Maiz amarillo,Cereal,722.17,Valeria Flores,Los Olivos,Frecuente,2025-05-22
445,2026-02-22,5,4.97,1011.39,15,Presencial,Transferencia,4,1949.04,Cliente  frecuente,Zona 5,SAN JUAN DE LURIGANCHO,Este,Cacao,Perenne,1011.39,Diana Torres,Villa El Salvador,Nuevo,2025-03-16
446,2026-02-11,6,6.66,722.17,15,Web,Plin,5,2034.67,Cliente frecuente,zona 3,,Norte,Maiz amarillo,Cereal,722.17,Claudia Reyes,San Miguel,  Premium ,2025-01-02
447,2026/04/14,1,2.0,1011.39,5,WhatsApp,Tarjeta,2,723.82,ReViSaR,ZoNa 7,Independencia,Este,Cacao,Perenne,1011.39,Claudia Reyes,San Miguel,  Premium ,2025-01-02
448,2026-03-09,6,8.24,904.42,15,WhatsApp,Efectivo,5,2597.11,,ZoNa 7,Independencia,Este,Papa blanca,Tuberculo,904.42,Camila Navarro,Surco,Corporativo,
449,2026-02-02,8,2.89,722.17,0,Web,Transferencia,2, 1329.97 ,,Zona 5,SAN JUAN DE LURIGANCHO,Este,Maiz amarillo,Cereal,722.17,Raul Mendoza,Ate,REGULAR,2025-08-14
450,15-03-2026,4, 0.6 ,S/ 1301.39,0,Presencial,Plin,5,430.52,OK,Zona 2,Independencia,Sur,Palta,Fruta,1301.39,Fiorella Cruz,La Molina,  Premium ,2025-08-01
451,2026-06-18,5,2.98,904.42,15,Presencial,PLIN,2,841.36,Revisar,Zona 5,SAN JUAN DE LURIGANCHO,Este,Papa blanca,Tuberculo,904.42,Raul Salazar,independencia,Nuevo,2025-01-11
452,2026-06-24,7,4.56,573.46,8,Telefono,Transferencia,3,1562.76,Cliente frecuente,Zona 6,Villa El Salvador,SuR,Cebolla,Hortaliza,573.46,Fiorella Castillo,La Molina,Nuevo,2025-11-21
453,2026-06-05,7,"4,74",918.69,10,Presencial,Tarjeta,3,1893.43,Revisar,Zona 1,Independencia,Este,Cafe,Perenne,918.69,Diana Paredes,,Nuevo,2025-06-22
454,2026-03-15,2,8.05,918.69,0,WEB,Tarjeta,2,2765.95,Cliente frecuente,Zona 6,Villa El Salvador,SuR,Cafe,Perenne,918.69,  Raul Vargas ,Villa  El  Salvador,Frecuente, 2025-02-01 
455,2026-04-01,1,7.55,676.84,10,whatsapp,tarjeta,2,2255.48,ClIeNtE FrEcUeNtE,Zona 1,Independencia,Este,Quinua,Grano,676.84,Fiorella Ramos,Los Olivos,  Frecuente ,2025-01-16
456,2026-06-07,1,,1301.39,10,Telefono,Efectivo,3,3013.88,Revisar,  Zona 4 ,Lima,Norte,Palta,Fruta,1301.39,Fiorella Cruz,La Molina,  Premium ,2025-08-01
457,2026/02/26,8,1.15,676.84, 20 ,  App ,yape,1,647.63,,Zona 6,Villa El Salvador,SuR,Quinua,Grano,676.84,,San Juan de Lurigancho,Regular,2025-03-16
458,2026/03/18,,8.61,722.17,0,Telefono,,1,2867.88,,ZoNa 7,Independencia,Este,Maiz amarillo,Cereal,722.17,Fiorella Navarro,Ate,premium,2025-03-01
459,2026-04-16,4,"10,13",918.69,15,Presencial,  Tarjeta ,3,3635.06,,Zona 2,Independencia,Sur,Cafe,Perenne,918.69,Diana Paredes,,Nuevo,2025-06-22
460,2026-02-19,1, 1.45 ,676.84,15,Web,Yape,1,602.8,Promocion,ZoNa 7,Independencia,Este,Quinua,Grano,676.84,camila rojas,ventanilla,Regular,2025-12-06
461,2026-03-03,4,2.3,676.84,5,Telefono,Plin,5 aprox,953.54,promocion,Zona 1,Independencia,Este,Quinua,Grano,676.84,Rocio Campos,AtE,Frecuente,2025-03-13
462,2026-01-21,5,8.41,"1301,39",5,Telefono,Tarjeta,2,2959.66,,zona 3,,Norte,Palta,Fruta,1301.39,Fiorella Ramos,Los Olivos,  Frecuente ,2025-01-16
463,2026-01-25,1,11.95,676.84,0,App,TARJETA,2,4289.5,Cliente frecuente,zona 3,,Norte,Quinua,Grano,676.84,Claudia Soto,Ate,Nuevo,2025-07-21
464,2026-03-19,2,"10,56",1011.39,10,Telefono,, 3 ,3603.22,Cliente frecuente,zona 3,,Norte,Cacao,Perenne,1011.39,Raul Ramos,villa el salvador,Premium,2025-06-01
465,2026-06-02,1,3.58,676.84,8,Web,Tarjeta,4,1512.9,Cliente frecuente,zona 3,,Norte,Quinua,Grano,676.84,Diego Rojas,Los Olivos,CoRpOrAtIvO,2025-04-22
466,2026-01-19,3,9.08 aprox,904.42,12,Web,Yape,1,3277.98,Cliente frecuente,Zona 6,Villa El Salvador,SuR,Papa blanca,Tuberculo,904.42,Elena Mendoza,La Molina,Premium,2025-03-18
467,2026-04-22,8,3.68,904.42,15,WhatsApp,Yape,1,1678.93,,ZoNa 7,Independencia,Este,Papa blanca,Tuberculo,904.42,Fiorella Castillo,La Molina,Nuevo,2025-11-21
468,2026-05-08,4,2.04,1301.39,8,Presencial,Efectivo,5,749.56,OK,Zona 1,Independencia,Este,Palta,Fruta,1301.39,Maria Castillo,Miraflores,Premium,2025-10-24
469,2026-06-13,5,4.56,573.46,,WHATSAPP,Plin,5 aprox,1594.3,Promocion,ZoNa 7,Independencia,Este,Cebolla,Hortaliza,573.46,Marco Soto,Miraflores,Frecuente,19/04/2025
470,2026/04/21,8,11.52,S/ 573.46, 0 ,App,Yape,2,3977.13,CLIENTE FRECUENTE,Zona 5,SAN JUAN DE LURIGANCHO,Este,Cebolla,Hortaliza,573.46,Fiorella Ramos,Los Olivos,  Frecuente ,2025-01-16
471,2026-03-17,8,5.48,"676,84",0,Telefono,Plin,4,1872.16,,Zona 5,SAN JUAN DE LURIGANCHO,Este,Quinua,Grano,676.84,Claudia Salazar,Independencia,  Nuevo ,15-08-2025
472,2026-04-27,2,2.21,904.42,0,Web,Tarjeta,3,768.84,Promocion,  Zona 4 ,Lima,Norte,Papa blanca,Tuberculo,904.42,Valeria Vargas,Lima,Premium,2025-06-24
473,24/01/2026,7,"9,48",722.17,0,Telefono,Tarjeta,3,2853.48,,zona 3,,Norte,Maiz amarillo,Cereal,722.17,Claudia Paredes,ventanilla,Frecuente,2025-03-10
474,2026-04-28,6,4.41,1011.39,,App,Tarjeta,3,1709.5,Revisar,Zona 5,SAN JUAN DE LURIGANCHO,Este,Cacao,Perenne,1011.39,Elena Huaman,Callao,Premium,2025-12-06
475,2026-02-28,3,8.45,904.42,10,Presencial,Yape,4,3129.3,Revisar,ZoNa 7,Independencia,Este,Papa blanca,Tuberculo,904.42,  Carlos Vargas ,Ate,  Frecuente ,2025-07-21
476,2026-06-19,2,0.9,918.69,15,Telefono,Transferencia,3, 499.13 ,,ZoNa 7,Independencia,Este,Cafe,Perenne,918.69,Claudia Reyes,San Miguel,  Premium ,2025-01-02
477,2026-04-17,6,6.23,S/ 1011.39,10,Telefono,Plin,5,2341.43,,Zona 5,SAN JUAN DE LURIGANCHO,Este,Cacao,Perenne,1011.39,Camila Navarro,Surco,Corporativo,
478,2026-05-02,1,9.11,1011.39,20,WhatsApp,Efectivo,1,2925.71,,Zona 5,SAN JUAN DE LURIGANCHO,Este,Cacao,Perenne,1011.39,Lucia Cruz,La Molina,Frecuente,2025-08-25
479,2026-01-11,8,5.76,664.25,20 aprox,,Tarjeta,1,2039.58,  Cliente frecuente ,ZoNa 7,Independencia,Este,Tomate,HORTALIZA,664.25,Fiorella Sayan,Miraflores,,2025-08-04
480,2026-06-08,1,10.93,918.69,8,Presencial,Yape,4,3703.99,Promocion,Zona 2,Independencia,Sur,Cafe,Perenne,918.69,Jose Sayan,Callao,Regular,2025-01-08
481,,1,4.88,,15,Telefono,Transferencia,1,1528.39,Promocion,zona 3,,Norte,Cebolla,Hortaliza,573.46,Raul Soto,Comas,Corporativo,2025-09-19
482,2026-02-14,4,8.97,1011.39,0,Web,Efectivo,2,3133.16,Revisar,  Zona 4 ,Lima,Norte,Cacao,Perenne,1011.39,camila rojas,ventanilla,Regular,2025-12-06
483,2026-04-01,7,8.78,904.42,10,Presencial,Plin,2,3146.44 aprox,Cliente frecuente,Zona 2,Independencia,Sur,Papa blanca,Tuberculo,904.42,Marco Soto,Miraflores,Frecuente,19/04/2025
484,2026-01-19,4,5.81,918.69,8,App,Efectivo,4,2011.1,  Promocion ,ZoNa 7,Independencia,Este,Cafe,Perenne,918.69,Diana Torres,comas,Premium,2025-12-08
485,2026-06-04,8,7.62,1301.39,10,Presencial,Plin,4,2489.0,Cliente frecuente,Zona 2,Independencia,Sur,Palta,Fruta,1301.39,Marco Soto,Miraflores,Frecuente,19/04/2025
486,2026/06/03, 6 ,3.79,904.42,8,WhatsApp,,4,1401.14 aprox,Promocion,Zona 2,Independencia,Sur,Papa blanca,Tuberculo,904.42,Valeria Soto,Ventanilla,Frecuente,2025-08-24
487, 2026-03-25 ,1,4.47,722.17,0,Telefono,Plin,4,1632.16,Revisar,Zona 6,Villa El Salvador,SuR,Maiz amarillo,Cereal,722.17,Diego Reyes,Surco,Premium,2025-07-05
488,2026-03-06,1,8.63,904.42,0,Web,Tarjeta,2,2972.3,,zona 3,,Norte,Papa blanca,Tuberculo,904.42,,,Premium,2025-02-11
489,2026-06-04,4,10.71,1011.39,5,WhatsApp,Efectivo,4,3815.31,Cliente frecuente,Zona 5,SAN JUAN DE LURIGANCHO,Este,Cacao,Perenne,1011.39,Raul Mendoza,Ate,REGULAR,2025-08-14
490,,7,11.37,904.42,8,Presencial,Transferencia,1,3789.33,Revisar,Zona 5,SAN JUAN DE LURIGANCHO,Este,Papa blanca,Tuberculo,904.42,Raul Mendoza,Ate,REGULAR,2025-08-14
491,2026/01/21,7,1.42,1301.39, 0 ,Presencial,Yape,3,734.53,,Zona 5,SAN JUAN DE LURIGANCHO,Este,Palta,Fruta,1301.39,Diana Torres,comas,Premium,2025-12-08
492,04-01-2026,4,1.11,1011.39,5,Telefono,Efectivo,1, 610.3 ,Revisar,ZoNa 7,Independencia,Este,Cacao,Perenne,1011.39,Elena Vargas,Ventanilla,Regular,2025-02-15
493,2026-03-12,6,0.98,1637.63,20,,Efectivo,1,607.35,OK,Zona 2,Independencia,Sur,Arandano,Fruta,1637.63,Andre Salazar,La Molina,Corporativo,2025-04-20
494,2026-06-25,4,5.73,918.69,15 aprox,WhatsApp,Plin,1,2146.77,,Zona 6,Villa El Salvador,SuR,Cafe,Perenne,918.69,Valeria Gomez,San Juan de Lurigancho,Nuevo,2025-04-03
495,2026-02-23,6,5.88,S/ 1301.39,0,WhatsApp,Yape,4,2120.34,Revisar,Zona 5,SAN JUAN DE LURIGANCHO,Este,Palta,Fruta,1301.39,Ana Sayan,San Juan de Lurigancho,Nuevo,2025-01-01
496,2026-05-01,8,7.3,1011.39,0,Web,Tarjeta,5,2772.51,,Zona 2,Independencia,Sur,Cacao,Perenne,1011.39,Elena Quispe,Los Olivos,Regular,2025-01-13
497,2026-01-26,5,"8,29",676.84,0,App,Efectivo,2,2794.49,ClIeNtE FrEcUeNtE,ZoNa 7,Independencia,Este,Quinua,Grano,676.84,Luis Huaman,Ventanilla,Frecuente,2025-01-19
498,2026-03-13,2,4.28,904.42,15,Presencial,EFECTIVO,3,1702.7,Cliente frecuente,  Zona 4 ,Lima,Norte,Papa blanca,Tuberculo,904.42,Diego Rojas,Los Olivos,CoRpOrAtIvO,2025-04-22
499,2026-01-07,8,3.04,"573,46",5,Web,Yape,2,1482.86,,  Zona 4 ,Lima,Norte,Cebolla,Hortaliza,573.46,Valeria Castillo,San Miguel,Frecuente,2025-07-21
500,2026-06-13,6,3.16,664.25,0,,Efectivo,4,1314.02,Cliente frecuente,Zona 5,SAN JUAN DE LURIGANCHO,Este,Tomate,HORTALIZA,664.25,Rocio Campos,AtE,Frecuente,2025-03-13
